id,time,V1,V2,V3,V4,V5,V6,V7,V8,V9,V10,V11,V12,V13,V14,V15,V16,V17,V18,V19,V20,V21,V22,V23,V24,V25,V26,V27,V28,V29,V30,V31,V32,V33,V34,V35,V36,V37,V38,V39,V40,V41,V42,V43,V44,V45,V46,V47,V48,V49,V50,V51,V52,V53,V54,V55,V56,V57,V58,V59,V60,V61,V62,V63,V64,V65
1,1,2,1,3,1,3,2,1,2,2,1,4,4,2,1,2,3,2,1,1,3,1,2,1,4,3,2,3,2,2,3,4,2,2,2,3,4,3,2,3,4,3,1,2,4,3,1,2,1,1,2,4,2,2,3,1,2,1,2,3,2,1,3,2,1,3
2,1,1,3,3,3,2,1,2,2,1,2,3,3,1,2,2,2,3,2,3,2,1,2,1,4,3,4,3,3,2,4,3,3,3,2,3,4,3,3,2,1,2,4,2,4,2,1,1,1,3,3,2,1,2,3,2,3,2,1,1,2,2,1,3,2,2
3,1,2,2,3,2,3,2,2,1,2,2,4,4,2,1,1,2,2,2,1,2,2,1,1,3,2,2,2,1,2,2,4,1,2,1,1,1,1,1,1,2,4,2,1,1,2,1,2,1,2,3,3,2,2,3,3,3,3,2,2,3,3,2,2,4,2
4,1,2,1,3,3,4,2,2,2,1,1,4,4,3,2,4,3,2,3,1,4,1,2,2,4,4,4,3,2,1,3,4,2,1,2,3,2,4,2,1,2,4,2,4,3,3,3,2,1,2,2,3,1,3,4,2,3,3,2,1,1,1,1,2,1,4
5,1,4,4,4,2,4,3,4,1,2,3,3,2,3,2,4,4,4,1,1,2,3,1,1,4,4,3,1,1,3,2,2,4,1,1,2,2,3,2,4,2,4,3,4,2,3,2,4,1,2,4,1,2,2,4,3,2,4,3,2,4,4,2,3,2,4
6,1,3,3,3,3,4,2,2,2,1,2,3,4,3,2,1,3,2,1,1,3,2,2,2,4,3,3,1,2,2,3,3,3,2,2,3,3,3,2,1,1,3,3,2,1,2,1,3,3,2,2,3,2,3,3,2,2,2,1,1,2,2,1,3,2,3
7,1,3,3,4,2,4,2,2,1,1,2,4,4,3,3,3,4,3,3,1,3,1,4,1,4,3,3,2,2,3,2,3,2,1,3,4,3,3,3,1,1,4,2,4,1,3,1,2,1,2,4,3,1,3,3,2,3,1,1,2,2,3,1,3,2,2
8,1,2,2,4,3,4,4,4,2,1,3,4,4,4,3,3,4,2,2,3,3,2,3,4,4,2,3,2,3,2,3,4,4,1,1,4,2,2,3,2,3,4,4,3,3,4,3,2,2,2,3,2,3,3,4,3,4,1,1,2,2,2,1,3,2,4
9,1,2,1,1,2,4,2,1,3,2,1,4,4,3,2,2,3,2,2,3,4,1,2,2,4,3,4,2,2,2,2,3,2,3,1,2,2,2,4,2,1,4,2,2,3,2,1,1,2,2,3,3,1,2,2,2,2,2,3,4,2,2,1,2,1,2
10,1,4,4,3,4,4,4,4,4,4,4,3,4,3,3,2,4,4,4,1,4,4,4,4,3,4,3,1,3,3,4,4,2,4,1,4,3,3,1,2,4,3,4,4,1,1,1,4,1,2,4,3,2,4,4,4,4,4,1,3,4,4,3,4,4,3
11,1,3,3,3,2,3,2,3,3,1,3,4,4,1,2,2,3,3,3,3,4,2,3,2,4,3,2,3,3,3,4,4,2,2,2,2,3,4,3,2,2,3,3,2,2,4,4,2,3,3,3,4,2,3,3,2,2,3,4,2,3,3,2,3,3,3
12,1,2,1,2,2,4,1,1,2,1,1,4,4,3,2,2,2,1,1,1,4,1,1,1,4,3,4,1,1,1,2,4,2,1,2,2,2,2,1,1,1,4,2,2,1,2,2,1,1,2,2,1,1,1,2,1,3,1,1,1,1,2,1,2,1,4
13,1,2,2,3,2,4,2,3,2,1,2,4,4,4,4,4,3,3,2,1,3,2,2,1,3,4,3,2,1,1,4,4,4,3,2,4,4,3,2,2,2,4,3,3,4,4,2,2,2,2,2,3,1,2,4,2,2,2,1,1,2,2,1,3,1,4
14,1,2,2,4,3,3,2,1,2,1,2,4,4,4,2,3,4,3,3,2,3,2,1,1,4,4,3,2,1,4,3,4,2,4,4,4,4,3,1,4,1,3,4,4,2,4,2,4,2,2,4,4,3,2,3,2,4,3,1,3,1,3,1,3,1,3
15,1,1,2,3,3,1,4,4,2,2,3,3,2,4,2,2,2,1,2,1,2,2,1,1,2,2,2,1,3,3,4,3,1,1,2,3,2,2,3,2,2,1,1,2,4,2,1,1,1,2,3,3,1,3,2,3,2,2,2,4,1,1,2,1,1,2
16,1,2,1,3,2,4,1,1,4,1,2,4,4,4,3,3,4,2,3,3,4,2,3,3,4,4,4,4,4,2,2,4,4,2,2,4,1,4,4,1,1,4,3,4,3,4,1,4,2,2,2,2,1,1,3,4,3,2,1,2,3,1,1,2,1,3
17,1,1,1,2,1,3,1,3,2,2,2,3,4,2,2,2,2,2,3,2,2,1,2,2,4,3,3,1,3,2,2,3,3,1,1,4,1,2,3,2,2,3,2,3,2,2,2,2,1,2,2,3,2,2,3,2,3,2,1,2,2,3,2,2,2,3
18,1,2,1,2,2,4,2,1,2,1,1,4,4,3,2,2,3,3,2,1,2,1,2,2,4,3,3,2,2,2,2,4,2,2,2,4,2,2,2,2,1,3,2,3,4,2,1,1,1,2,2,3,2,1,3,1,2,2,1,2,2,2,1,2,1,3
19,1,3,2,4,4,4,1,4,3,1,4,4,4,3,3,4,4,4,3,2,4,1,2,1,4,4,3,1,2,3,3,4,2,1,1,4,4,4,2,1,2,3,2,4,3,2,1,2,2,2,3,4,2,2,4,3,3,1,1,2,2,1,1,2,2,3
20,1,4,1,4,4,4,3,3,4,4,2,4,4,3,3,1,3,4,4,1,3,1,2,4,4,3,4,3,4,3,3,4,2,4,3,2,4,4,3,4,4,4,3,4,4,4,3,3,1,3,4,2,4,4,4,3,4,2,4,4,2,4,4,2,1,4
21,1,2,1,3,3,4,2,2,4,2,1,4,4,3,2,1,4,3,3,3,4,1,2,3,4,4,4,2,3,3,4,3,2,2,3,4,4,4,2,3,2,4,4,4,4,4,2,3,3,2,3,4,3,3,4,2,4,2,1,1,1,2,2,4,2,4
22,1,2,2,3,2,4,3,3,2,1,3,4,3,4,2,3,2,1,1,1,4,4,3,3,4,3,3,3,1,1,2,3,2,1,2,3,1,3,3,4,4,4,2,4,4,4,4,4,1,1,4,3,3,3,3,3,3,3,2,2,3,3,2,1,2,3
23,1,2,1,3,1,4,2,2,3,1,2,4,3,2,2,2,2,3,2,1,3,1,1,2,4,2,2,1,1,1,2,4,2,2,2,3,3,2,2,1,2,3,2,2,2,1,1,2,1,1,2,1,1,2,2,3,2,1,1,1,1,1,1,2,2,3
24,1,2,1,1,1,2,1,1,1,1,1,4,3,2,2,2,2,1,1,1,3,1,2,1,4,1,4,1,1,1,2,2,2,1,1,3,2,1,2,1,1,2,2,3,1,2,1,1,1,1,2,2,1,1,1,2,1,1,1,2,1,1,1,2,1,3
25,1,2,2,3,2,4,3,3,3,1,3,4,4,3,3,2,3,3,3,2,4,2,2,2,4,3,3,1,2,2,3,4,2,2,3,3,2,3,3,2,2,4,3,4,2,3,2,4,2,2,4,2,2,2,2,3,3,3,1,2,3,3,2,3,2,4
26,1,2,2,2,3,4,3,3,1,2,3,4,3,2,1,2,3,3,4,1,3,4,2,1,3,2,2,1,2,2,2,3,1,3,4,2,2,2,2,1,1,2,2,3,4,1,2,4,1,3,3,3,1,2,2,2,3,3,1,2,2,3,1,2,2,2
27,1,2,2,4,1,4,2,2,3,1,2,3,4,2,2,2,3,2,3,1,2,2,2,3,4,3,3,3,4,2,3,3,2,2,1,3,3,2,3,2,2,3,2,2,4,2,1,2,1,2,2,3,1,2,3,2,2,2,1,1,1,2,2,2,1,3
28,1,3,2,3,2,3,2,2,1,1,1,3,3,3,3,2,2,3,1,1,3,2,2,2,4,2,3,2,3,2,2,4,3,2,3,2,2,2,2,2,3,4,3,3,3,1,1,3,1,2,3,3,1,2,1,2,2,1,3,1,2,2,1,3,1,2
29,1,2,2,3,2,3,3,2,3,3,2,4,4,3,2,2,2,3,2,3,2,1,1,4,4,3,3,3,2,2,3,4,2,1,2,4,2,2,3,4,4,3,2,4,4,4,1,2,1,2,2,3,3,2,3,3,3,2,2,2,2,2,1,2,2,3
30,1,3,1,2,2,3,1,1,1,1,2,4,4,3,3,2,4,3,2,1,2,1,2,1,3,3,3,1,1,1,1,2,2,2,2,2,3,3,2,3,2,3,2,3,3,4,1,2,2,2,2,3,2,3,3,3,3,1,2,1,1,1,2,2,2,2
31,1,1,2,3,3,3,3,1,3,3,3,3,3,3,2,2,3,3,3,1,3,2,3,3,3,3,3,3,3,3,3,3,3,4,4,3,4,3,3,3,4,3,3,3,4,4,1,3,3,3,3,4,3,2,3,3,4,3,4,2,3,3,3,3,3,3
33,1,2,1,3,3,4,3,2,2,1,3,4,3,3,2,1,2,2,3,1,3,1,1,1,4,3,3,1,1,1,2,4,2,1,2,3,3,2,2,2,2,3,3,3,3,2,1,1,1,2,3,3,1,1,3,2,2,1,1,1,3,1,2,2,1,3
34,1,2,2,3,2,3,2,3,2,1,2,4,3,2,3,2,3,3,3,2,3,1,3,2,4,3,3,2,2,3,3,3,2,2,2,3,2,3,3,3,2,2,3,3,2,2,1,2,4,2,3,3,4,2,3,3,1,1,4,2,2,2,2,3,3,3
35,1,1,1,2,2,4,2,1,2,1,1,4,4,4,4,4,4,3,2,1,3,1,3,1,4,4,4,2,2,2,3,4,4,3,1,3,2,2,2,3,3,4,2,3,4,3,2,1,2,1,2,4,1,2,3,2,2,1,1,1,1,1,1,2,1,4
36,1,2,1,4,2,3,2,1,3,2,2,3,3,2,2,3,4,2,4,2,2,2,1,2,4,3,3,1,2,1,2,3,2,2,2,3,3,3,2,2,1,2,2,3,3,2,2,3,4,2,3,2,2,2,2,3,2,3,1,2,2,2,2,2,2,3
37,1,2,2,3,1,4,4,4,2,4,4,4,4,4,3,3,4,4,4,4,4,2,3,2,2,3,3,1,1,1,1,4,3,3,4,4,3,3,1,4,1,4,3,4,4,4,4,4,4,3,4,2,4,2,1,4,4,4,4,1,3,3,3,3,3,3
38,1,2,1,4,1,4,2,1,4,1,1,4,4,4,2,1,4,1,4,2,4,1,3,3,4,4,4,2,2,3,4,4,2,3,2,2,4,3,2,3,4,4,1,3,3,4,4,2,1,1,3,4,2,4,2,3,2,1,1,2,1,1,1,1,1,2
39,1,3,3,3,2,4,3,2,3,2,3,3,4,3,3,3,4,3,3,3,4,3,2,3,3,3,3,3,2,2,3,4,3,3,3,3,3,3,3,3,4,3,3,3,3,4,3,3,3,3,3,3,3,2,3,2,3,3,2,1,2,3,2,3,2,4
40,1,2,1,3,2,4,2,1,2,1,1,4,4,4,2,1,4,2,2,2,3,1,1,2,4,3,4,1,1,2,3,4,2,2,1,3,3,3,3,3,2,4,2,3,3,3,2,1,1,2,2,2,2,3,2,3,2,1,1,1,2,1,2,2,1,4
41,1,2,2,3,1,4,3,3,2,2,3,4,4,3,2,3,2,2,3,1,3,2,2,2,3,3,3,2,2,3,2,4,3,3,4,3,2,2,2,3,2,4,2,3,2,2,2,3,2,2,3,2,2,2,4,2,3,3,4,4,2,3,2,2,2,4
42,1,3,2,3,3,3,1,2,2,2,2,4,3,2,2,2,3,2,3,2,2,1,2,2,3,3,3,1,2,2,3,3,2,2,2,3,3,3,2,1,1,3,2,3,2,3,2,2,1,2,3,2,2,2,3,3,2,2,4,3,3,2,2,2,2,3
43,1,2,2,3,3,4,4,4,2,1,2,3,3,4,2,2,3,3,3,4,3,3,3,2,4,4,4,3,3,3,4,4,2,4,3,4,3,3,3,4,3,4,4,4,2,4,1,3,2,4,3,3,1,2,2,3,3,4,1,3,2,3,3,2,2,2
44,1,2,1,3,2,4,1,3,3,4,1,4,4,3,2,2,4,2,4,4,3,1,3,3,4,3,4,1,1,1,3,4,3,2,4,4,3,4,3,4,1,4,1,3,4,4,2,4,4,2,3,3,3,2,3,4,2,1,1,3,2,2,4,2,2,4
45,1,2,1,3,1,2,1,2,2,1,2,2,3,1,2,2,3,2,3,2,2,1,2,1,3,2,3,2,2,1,2,2,1,2,1,2,2,3,3,3,2,2,2,2,3,3,2,1,1,2,2,2,2,2,1,3,2,1,2,2,2,1,2,2,1,2
46,1,2,1,2,1,3,2,3,2,2,1,3,3,2,2,2,3,2,3,1,3,1,1,1,3,2,2,1,1,3,2,2,2,2,2,2,3,2,2,2,1,2,3,3,1,2,3,2,1,1,3,4,3,2,3,3,3,3,2,1,3,3,2,2,2,3
47,1,3,2,4,3,3,3,2,3,1,2,4,4,3,1,3,4,3,4,1,3,2,1,3,3,3,3,2,1,3,2,2,1,3,4,2,3,3,1,4,2,2,3,4,1,3,1,2,1,3,4,3,2,2,3,4,4,2,3,3,2,3,3,4,3,1
48,1,2,2,3,2,2,1,2,2,1,1,2,2,2,2,2,2,3,3,1,2,1,1,1,2,2,3,1,2,2,2,2,2,2,1,3,3,2,2,3,1,2,2,2,3,3,2,3,1,2,2,3,1,2,3,3,3,2,1,1,2,2,2,2,1,2
49,1,3,1,3,3,3,3,2,4,2,2,4,3,3,2,2,3,2,3,2,2,2,3,2,4,4,3,2,3,1,2,3,2,2,2,3,3,3,3,2,2,3,3,3,3,3,1,2,1,2,2,3,2,3,3,3,3,2,1,2,1,1,2,2,1,3
50,1,2,3,3,3,4,1,2,3,2,3,4,4,4,1,2,3,4,3,1,4,3,1,1,3,3,3,2,1,1,1,3,2,3,3,3,3,3,2,2,1,3,4,4,4,4,3,3,1,2,3,4,3,3,4,4,4,3,2,2,2,2,2,2,1,4
51,1,2,2,1,3,3,2,4,1,1,2,2,2,2,1,1,3,2,1,1,2,2,1,1,3,2,2,1,1,1,2,2,2,1,1,2,3,2,1,2,2,2,1,3,2,1,4,1,1,1,2,2,1,1,2,2,2,1,3,1,2,1,1,2,1,2
52,1,2,1,4,3,4,4,3,3,1,3,3,2,2,2,2,2,1,1,1,2,2,3,2,4,2,3,3,4,2,3,1,2,1,2,3,2,3,4,1,3,2,1,2,3,1,1,2,1,2,3,4,2,2,1,3,2,2,1,2,1,2,1,2,2,1
53,1,1,2,4,1,1,2,3,2,1,2,4,1,3,2,1,1,1,4,1,2,2,4,2,4,2,2,4,2,3,2,1,1,1,1,3,2,2,2,1,3,2,3,1,4,2,1,1,1,4,3,4,3,1,1,2,2,1,1,1,2,2,1,3,2,1
54,1,2,1,3,2,3,1,3,4,1,3,4,4,3,3,1,3,1,3,2,3,1,2,3,4,2,3,4,3,2,1,3,2,1,1,4,2,3,4,2,1,3,2,4,4,2,1,1,4,2,2,3,1,3,3,1,1,1,1,1,1,1,1,2,1,3
55,1,2,1,3,2,4,2,2,2,1,2,2,4,2,2,1,4,2,4,4,2,1,2,1,4,3,3,1,2,1,2,4,2,2,3,3,3,3,2,4,3,3,2,3,4,4,1,2,1,1,2,4,1,2,4,2,2,2,1,1,2,1,2,2,1,4
56,1,1,1,3,2,3,1,1,3,1,2,4,4,3,2,2,3,2,1,1,3,1,2,2,3,3,2,2,2,1,2,3,2,1,2,2,3,3,2,2,1,4,1,2,4,3,1,1,1,1,2,1,1,3,3,2,1,1,1,1,1,1,1,2,2,3
57,1,2,1,4,3,4,2,2,3,1,2,4,4,3,2,1,4,2,3,2,3,1,2,2,4,4,3,2,3,3,3,4,3,2,2,2,4,4,2,2,2,3,3,4,3,2,1,3,2,2,3,3,2,2,3,3,3,2,1,2,2,2,2,3,2,3
58,1,2,2,3,3,4,2,2,3,1,2,4,4,4,3,2,2,4,4,3,3,1,2,4,4,3,3,2,2,2,3,4,3,2,3,2,3,3,2,1,1,3,3,3,3,3,2,4,2,3,3,3,1,2,2,3,3,2,2,2,2,1,1,3,2,3
59,1,2,3,4,2,3,1,4,3,3,3,4,3,2,3,1,2,4,4,2,2,2,1,1,4,3,3,2,1,3,2,3,2,1,1,4,2,3,4,2,4,2,2,3,4,4,1,2,1,2,3,4,4,3,3,4,3,4,3,1,2,2,2,3,1,3
60,1,2,2,4,3,3,3,3,2,4,2,4,4,3,4,3,4,4,3,1,4,2,1,3,4,4,4,4,3,4,3,3,2,2,2,4,4,4,3,3,1,3,4,3,4,4,1,2,1,2,4,4,4,3,2,3,3,2,4,4,2,2,2,3,1,2
61,1,2,1,4,3,4,3,3,4,3,4,3,4,2,3,3,4,4,3,4,3,1,3,3,3,4,3,4,2,2,3,4,3,3,4,3,4,4,3,2,3,4,2,4,4,3,1,4,1,2,3,4,3,2,4,3,4,3,4,4,3,4,2,2,2,4
62,1,2,3,3,3,3,3,3,2,4,3,4,4,2,2,2,3,3,3,3,4,2,3,3,4,4,4,1,2,2,4,4,2,3,1,3,2,3,3,1,3,3,2,3,4,3,4,2,2,2,3,3,4,3,3,4,2,2,4,3,2,3,2,2,2,4
63,1,4,1,4,4,4,3,2,4,2,4,4,4,4,4,4,4,4,3,2,4,1,4,3,4,4,4,1,2,3,4,4,3,1,4,4,4,4,2,4,3,4,2,3,4,4,3,4,3,1,3,4,2,4,4,2,2,3,1,3,1,2,2,2,1,4
64,1,2,1,4,3,4,2,3,2,3,2,3,3,2,2,3,3,3,3,2,2,2,2,1,4,3,4,3,1,4,2,3,2,3,1,3,3,3,1,3,3,3,2,4,1,4,1,2,4,2,3,3,3,1,3,4,3,3,3,4,2,3,3,2,2,3
65,1,3,2,3,3,4,2,3,1,4,3,4,4,3,1,2,3,4,4,2,2,2,2,2,4,4,4,1,1,3,2,4,1,3,2,3,3,3,3,4,2,3,4,4,4,4,4,4,4,2,4,4,2,1,2,3,4,4,4,2,4,4,4,2,2,3
66,1,4,2,2,4,3,4,4,1,3,3,3,3,3,3,2,3,4,3,2,3,3,2,3,4,4,3,3,3,4,3,4,2,3,3,3,3,2,2,4,2,4,4,2,3,4,4,3,3,3,3,4,3,3,3,4,4,3,3,4,2,2,3,3,3,3
67,1,3,2,4,3,4,2,3,2,1,2,3,4,3,2,2,4,4,3,2,3,1,2,2,3,3,3,2,1,2,3,4,2,2,4,3,3,3,3,4,2,3,3,4,4,4,4,3,2,2,3,3,3,3,4,3,3,1,1,2,1,2,1,2,2,3
68,1,3,2,3,3,3,1,4,2,3,2,4,3,4,3,2,3,1,3,2,3,1,2,3,4,4,3,1,3,3,3,3,2,3,2,3,4,4,4,3,4,3,3,4,1,4,1,2,1,1,3,4,4,3,4,4,4,3,4,1,2,2,2,2,2,3
69,1,2,1,3,3,4,2,2,3,1,1,4,4,4,3,4,4,2,2,2,4,1,2,3,4,4,4,3,2,2,3,4,4,1,2,3,3,3,2,2,1,4,2,2,2,2,1,1,2,2,2,2,1,2,4,2,2,2,1,2,2,2,2,2,2,4
70,1,1,1,3,3,3,2,3,3,1,2,3,4,2,2,1,1,1,3,2,2,1,2,2,4,3,3,2,2,2,3,1,2,3,2,3,4,3,3,2,4,3,3,3,4,2,1,3,1,2,3,4,1,3,2,2,2,2,1,2,1,3,1,3,1,3
71,1,4,2,3,4,4,1,2,3,1,3,4,4,4,2,1,2,4,4,1,4,2,3,2,4,4,4,4,2,4,4,4,2,2,3,2,4,4,2,1,2,4,2,4,1,1,1,4,1,1,4,1,4,3,4,3,4,2,1,1,1,4,1,2,2,3
72,1,2,2,3,3,4,1,2,2,1,2,4,4,3,2,2,3,2,3,2,3,1,1,2,4,4,3,1,1,1,2,3,2,3,3,2,4,3,2,2,1,3,2,4,2,3,2,3,2,2,2,3,2,3,3,4,2,2,3,4,3,2,2,3,3,4
73,1,2,3,4,2,3,2,3,1,1,1,3,3,3,3,3,3,1,4,2,3,1,3,2,4,4,4,2,1,1,3,4,4,1,2,3,3,3,3,3,1,2,1,4,1,4,3,4,1,3,2,4,3,2,3,4,3,1,2,4,2,3,3,1,3,3
74,1,2,1,2,2,2,1,3,1,1,2,4,3,3,2,1,2,2,1,3,2,1,2,2,4,3,3,1,2,1,3,3,2,2,1,3,2,2,3,2,2,2,2,1,3,4,2,1,2,2,2,3,2,1,2,2,2,1,1,2,2,2,2,2,1,2
75,1,2,1,4,3,3,2,4,3,4,3,2,4,1,2,1,4,1,1,1,2,3,2,2,4,3,2,3,1,4,2,2,2,4,4,4,3,4,3,4,3,2,4,4,4,4,4,4,1,2,4,3,4,1,4,4,4,4,4,4,3,4,4,4,1,2
76,1,3,3,4,3,2,2,4,4,1,2,3,4,3,2,2,4,4,4,2,4,1,2,3,4,3,4,3,2,4,4,4,3,3,2,3,4,3,4,2,1,4,3,3,3,3,2,3,2,4,4,4,3,3,4,4,4,4,2,2,4,3,3,3,3,4
77,1,4,2,4,2,4,2,3,3,4,2,3,4,3,2,1,4,3,3,1,3,1,1,1,4,4,4,4,4,2,4,3,2,1,3,4,4,4,4,4,4,3,3,4,4,4,1,4,3,3,3,4,4,3,2,1,2,1,4,2,2,1,1,2,1,3
78,1,2,1,4,3,3,1,2,3,4,1,4,4,4,2,2,3,3,3,2,3,2,2,3,4,4,3,3,3,3,4,4,2,2,1,4,3,3,3,4,2,3,4,4,3,4,2,2,3,2,2,4,4,3,3,3,4,3,4,3,2,3,4,3,3,3
79,1,2,2,2,3,3,3,1,2,3,1,2,3,2,1,2,3,2,3,2,2,2,2,2,4,2,2,2,2,1,3,3,1,3,2,2,3,2,2,2,2,2,4,3,3,4,2,3,2,2,3,4,2,2,2,3,3,2,3,2,2,3,2,3,1,2
80,1,2,1,2,1,3,1,1,2,1,2,4,4,4,2,2,3,2,2,2,3,1,1,1,4,3,3,1,1,1,3,4,3,2,4,3,2,3,2,1,3,3,3,3,3,2,1,1,1,2,2,3,3,3,3,2,2,1,2,1,1,1,1,2,1,3
81,1,2,1,2,3,4,1,1,2,1,2,4,4,4,4,4,2,2,2,1,4,1,2,2,4,3,3,2,3,1,2,4,4,2,2,3,3,3,3,1,2,3,2,3,2,2,1,1,1,2,2,3,1,2,3,2,1,2,1,2,1,1,1,2,2,4
82,1,2,2,3,2,4,2,3,2,3,2,4,4,3,3,3,3,3,3,2,3,2,4,3,3,4,3,1,1,2,3,4,3,2,4,4,3,3,3,4,2,4,2,3,3,3,2,4,4,2,4,4,2,2,4,2,3,4,1,4,2,3,3,3,2,4
83,1,4,3,4,3,4,3,2,3,1,2,4,4,3,2,3,3,3,3,1,3,2,3,2,4,3,4,1,1,3,2,4,2,3,3,3,4,3,2,2,1,4,4,4,1,3,1,4,1,2,4,3,2,2,4,1,4,3,1,2,1,4,1,3,1,4
84,1,1,1,3,2,3,1,1,1,1,1,4,4,3,2,3,4,2,2,3,4,1,2,3,4,4,3,2,2,2,4,4,3,3,1,2,3,3,3,2,3,3,4,3,3,4,2,1,1,2,2,4,3,4,3,3,2,1,1,2,1,1,1,2,2,2
85,1,2,1,3,2,4,2,2,2,2,1,4,4,4,2,3,2,3,3,1,4,1,3,1,4,4,4,1,3,3,1,4,2,2,4,3,4,3,3,2,1,4,2,4,4,3,1,2,3,2,4,1,3,1,2,2,2,1,4,4,3,1,1,3,3,4
86,1,2,1,3,1,4,2,2,2,1,1,3,3,3,2,2,3,3,2,1,2,1,2,2,4,4,4,3,2,2,2,4,2,3,1,2,3,2,2,2,2,3,3,4,3,2,1,2,1,2,2,3,3,2,3,3,3,1,2,2,2,2,2,3,2,3
87,1,2,3,3,3,4,4,1,2,2,2,4,4,3,2,1,2,1,3,2,3,3,2,2,4,4,2,2,1,3,4,4,3,3,4,2,2,4,3,2,1,3,4,3,2,4,1,4,3,3,2,4,1,4,3,4,4,2,3,3,2,2,3,4,2,4
88,1,2,1,3,1,2,2,3,2,1,2,3,3,3,4,3,2,3,3,1,2,1,2,2,3,3,4,1,2,1,2,4,3,2,4,4,1,2,2,2,1,2,3,4,3,2,2,4,2,2,2,2,1,2,3,3,3,2,2,2,3,2,2,2,2,2
89,1,3,1,2,2,3,2,4,3,1,2,4,4,3,2,2,4,1,2,2,2,1,2,2,4,4,4,2,3,2,3,3,3,2,2,2,4,2,3,2,2,3,2,3,2,2,2,2,2,2,3,2,2,3,2,2,2,1,3,3,1,2,2,2,2,3
90,1,2,1,3,2,3,2,2,1,2,2,4,4,3,4,3,4,2,2,2,3,1,3,1,4,4,4,3,2,3,3,3,4,2,3,2,2,2,2,3,1,4,1,2,2,2,2,2,2,1,2,2,4,3,3,2,2,2,1,1,2,2,2,2,2,3
91,1,3,2,4,2,4,4,2,3,2,2,4,4,4,4,4,4,4,4,1,4,2,4,2,4,4,4,4,4,3,3,4,4,3,4,3,4,3,3,4,4,4,4,4,4,4,4,4,2,2,4,4,4,3,3,3,4,2,1,4,2,4,3,2,2,3
92,1,2,1,1,1,3,2,3,1,1,2,2,3,2,1,1,1,3,1,4,2,1,2,1,4,4,4,4,2,3,2,4,2,3,4,2,3,2,2,1,1,3,1,4,4,1,1,2,1,1,3,2,1,2,3,3,3,2,1,1,2,3,1,2,2,2
93,1,2,1,3,2,3,1,3,1,1,2,4,4,2,2,1,1,3,2,3,2,1,3,2,4,3,3,1,2,3,3,3,2,3,3,2,2,3,2,3,1,3,2,3,2,3,2,2,2,3,3,3,3,2,2,3,3,2,1,4,3,2,2,2,1,2
94,1,3,2,3,2,4,3,2,3,3,2,4,4,4,2,3,2,2,2,2,2,3,2,3,2,2,2,2,2,2,3,3,3,3,2,3,3,2,3,2,3,2,2,2,2,3,2,2,2,2,2,3,2,3,2,2,3,3,3,3,2,2,2,2,2,2
95,1,3,3,4,3,3,2,4,1,1,4,4,3,3,3,2,3,3,3,4,3,2,3,2,4,3,3,3,3,4,2,3,3,2,2,3,2,3,4,2,4,3,3,3,3,2,2,3,4,2,3,3,3,3,2,2,2,2,4,4,3,2,2,2,1,2
96,1,2,1,3,2,4,1,2,1,1,2,4,4,4,2,1,3,4,2,1,3,4,4,4,1,2,3,4,4,4,4,1,1,3,2,4,2,3,3,1,1,2,2,3,1,4,3,2,3,3,3,4,2,3,3,2,2,3,2,1,1,1,1,2,1,4
97,1,2,1,3,1,3,2,2,3,1,2,4,3,3,2,2,3,2,2,1,3,1,2,2,3,3,2,2,2,3,2,4,1,2,2,3,3,2,1,1,1,3,2,3,3,2,2,2,1,1,3,3,2,2,3,3,2,2,3,1,2,2,1,2,1,3
98,1,3,1,4,4,4,2,2,3,1,3,4,4,4,3,2,4,3,3,2,3,2,3,3,4,4,4,2,2,2,4,3,2,1,1,3,4,4,3,1,1,3,1,4,4,2,1,2,3,1,3,4,1,2,4,2,2,2,4,3,2,2,2,2,1,3
99,1,2,1,1,2,2,2,2,2,1,2,4,3,3,2,2,3,4,3,2,3,2,2,1,4,3,3,1,3,2,1,3,3,3,2,4,3,3,2,2,2,3,3,3,2,2,1,2,2,3,2,4,2,3,2,3,2,2,2,1,2,1,2,3,2,2
100,1,3,2,4,1,4,2,3,2,2,4,4,4,3,3,2,3,4,2,3,4,1,2,1,4,4,4,2,3,2,4,4,3,2,2,4,4,4,4,3,2,4,2,4,4,3,3,2,2,3,3,4,1,3,4,3,4,3,1,1,2,3,1,3,2,3
101,1,2,1,1,2,4,1,2,1,1,2,4,3,2,2,1,3,3,2,2,3,2,2,3,4,4,3,3,3,2,2,3,2,2,1,3,3,3,2,3,3,3,2,3,2,3,1,2,3,4,2,3,2,2,3,3,2,1,2,3,2,1,3,2,2,3
102,1,1,1,2,2,3,1,1,2,3,1,4,4,3,2,1,2,2,1,3,2,1,1,2,4,3,3,1,2,1,2,4,2,1,1,2,3,2,2,3,2,3,2,3,3,2,2,1,1,1,2,3,2,2,2,2,2,1,1,2,1,1,1,2,2,2
103,1,3,2,3,2,3,1,2,1,1,2,4,4,3,3,2,2,3,4,4,2,2,3,2,4,2,3,3,4,3,2,3,1,2,3,3,3,3,4,2,1,4,3,4,4,4,1,3,1,2,4,4,2,3,3,2,3,4,1,1,1,2,1,2,2,3
104,1,3,1,4,2,4,2,2,3,1,1,4,4,3,3,2,4,4,4,2,3,1,3,1,4,4,4,2,3,3,4,4,2,2,3,3,4,3,3,3,4,4,3,4,4,1,1,1,2,1,2,3,2,3,3,1,1,1,1,1,1,2,1,2,1,4
105,1,2,1,3,3,4,3,3,3,1,3,4,4,3,3,3,4,3,2,3,3,1,3,3,4,4,4,1,1,3,3,4,3,2,2,3,3,3,3,1,3,3,3,3,3,3,1,2,1,1,2,3,1,2,3,3,2,1,1,2,2,2,1,2,3,4
106,1,2,1,2,3,3,2,3,3,1,3,4,4,4,4,4,3,2,2,3,3,2,3,2,4,4,3,1,3,2,3,4,4,2,2,4,3,3,4,2,3,3,2,2,3,2,2,1,1,2,1,4,1,4,4,2,3,2,1,3,3,2,2,2,2,4
107,1,3,3,4,3,4,1,3,1,1,1,4,4,3,2,3,4,3,2,3,2,1,4,3,3,3,3,1,2,2,4,4,2,2,3,3,3,3,2,1,2,3,4,4,4,3,4,3,1,1,2,4,1,2,3,2,2,2,3,1,2,1,1,4,1,3
108,1,2,3,3,2,4,2,2,2,3,2,4,4,4,3,4,2,3,2,2,4,1,2,3,4,3,3,4,3,2,2,4,3,1,1,3,4,3,3,1,3,3,2,4,3,1,1,2,1,2,4,4,4,2,3,2,4,2,4,4,1,3,2,2,1,4
109,1,1,1,3,2,3,1,2,2,1,1,4,4,3,3,2,3,4,3,1,4,1,4,4,4,4,4,1,3,2,2,4,4,1,1,4,3,3,4,3,1,3,2,3,4,2,1,1,1,2,2,4,1,2,3,1,1,1,1,2,1,1,1,1,1,3
110,1,2,3,3,3,4,3,2,2,4,2,4,3,3,2,3,4,3,3,3,3,2,2,2,4,3,2,2,2,2,3,4,3,3,3,3,3,2,2,2,2,3,2,3,2,3,2,2,3,2,3,3,2,3,3,2,2,2,4,3,2,2,2,2,2,3
111,1,4,1,2,2,2,2,3,4,1,3,4,4,4,4,2,4,3,3,1,3,2,4,3,4,4,4,4,4,3,3,3,3,3,3,3,3,4,4,1,4,4,4,4,4,4,4,4,1,4,4,3,4,3,4,3,3,4,4,1,1,2,1,1,1,1
112,1,4,1,4,3,4,1,4,4,2,1,4,4,4,4,4,4,3,3,1,3,1,4,2,4,4,4,2,4,3,3,4,4,2,2,4,4,4,4,2,4,3,4,4,4,4,1,1,2,4,4,4,4,3,3,3,4,4,1,2,1,3,1,2,2,3
113,1,2,4,3,2,3,3,2,1,2,3,3,2,2,3,1,3,2,3,1,3,3,2,1,4,4,3,3,3,2,2,3,2,2,1,3,3,3,3,2,4,2,3,3,3,2,2,3,3,3,4,4,3,2,2,3,3,2,2,3,1,3,1,3,2,2
114,1,1,2,2,1,3,4,2,2,1,4,4,3,2,4,3,2,3,4,1,4,3,1,2,4,1,3,1,1,3,3,3,3,3,3,4,3,3,2,1,3,4,3,3,4,1,1,3,1,1,3,4,3,2,2,3,3,4,4,4,3,3,2,3,1,2
115,1,2,1,4,3,4,1,1,2,1,2,4,4,4,2,2,3,2,2,2,4,1,1,2,4,3,3,1,1,2,2,4,2,2,1,3,3,3,2,1,1,4,3,3,1,2,1,2,1,2,2,3,1,2,4,1,2,2,2,1,1,2,1,2,1,4
116,1,4,2,2,3,4,1,4,1,1,3,4,4,3,2,1,2,2,1,2,4,3,2,1,4,3,1,1,1,1,1,4,1,3,4,2,2,2,2,1,2,4,3,3,2,3,4,3,2,1,3,2,4,3,3,4,4,3,4,3,4,3,2,3,2,4
117,1,2,1,4,2,4,1,3,3,4,1,4,3,3,3,2,3,2,2,1,3,1,1,3,4,3,4,2,2,2,3,4,2,4,1,4,2,3,2,3,1,3,2,3,2,4,2,3,1,2,2,4,3,3,3,3,2,2,3,3,4,2,3,2,2,3
118,1,2,1,2,3,4,1,1,2,2,1,4,4,3,2,2,3,2,2,3,3,1,1,1,4,4,3,2,3,1,2,3,2,2,1,3,2,2,1,2,1,2,2,1,3,3,2,1,1,2,2,3,3,3,2,2,2,1,2,1,2,1,2,2,1,3
119,1,2,2,3,3,4,1,3,4,1,1,4,4,4,2,2,4,3,3,2,3,2,3,3,4,4,3,4,3,3,3,4,2,2,2,3,3,3,2,2,2,3,2,3,2,2,1,2,2,2,3,4,2,3,4,2,3,2,1,1,2,2,1,2,1,3
120,1,2,1,2,1,3,3,2,2,1,1,3,3,2,2,1,2,1,2,1,1,2,1,2,3,3,2,1,1,3,3,3,1,3,1,3,2,2,2,2,3,3,3,3,2,2,1,2,2,2,3,1,2,2,3,2,2,2,1,2,2,3,1,3,2,2
121,1,2,1,2,2,2,1,1,1,1,1,3,3,2,2,2,2,1,1,1,2,1,3,1,4,2,4,2,3,1,2,3,2,1,1,2,2,1,2,1,2,2,1,1,4,1,1,1,1,2,1,4,1,1,2,1,2,1,1,1,1,1,1,1,1,1
122,1,3,1,3,3,4,1,2,2,2,2,4,4,4,3,2,3,3,3,4,4,1,1,2,4,4,4,2,1,1,3,4,4,1,1,3,3,4,2,1,3,4,2,3,2,3,2,1,1,2,2,4,2,2,3,2,1,1,1,2,1,1,1,2,1,4
123,1,2,2,2,1,4,4,3,2,1,2,4,4,3,1,1,2,3,2,1,3,2,3,1,3,2,3,2,1,3,2,4,1,3,2,2,3,2,1,1,1,3,3,4,2,4,3,3,1,2,4,2,1,2,4,2,4,1,1,1,2,2,1,2,2,4
124,1,2,1,2,2,4,1,2,2,1,1,4,4,4,2,2,3,2,1,2,3,1,1,1,3,3,3,1,2,1,2,3,2,1,1,3,2,2,2,2,1,3,2,2,3,2,1,1,1,2,1,3,1,2,2,1,1,1,1,1,1,1,1,1,1,2
125,1,3,1,2,2,3,1,1,3,1,1,3,4,4,2,3,3,4,3,2,2,1,2,3,4,4,3,1,3,2,3,3,2,3,3,4,3,3,3,2,2,2,3,3,2,1,1,2,2,2,2,3,2,3,3,3,3,2,1,3,2,2,2,2,3,3
126,1,3,1,3,3,4,1,3,2,3,2,4,4,2,2,1,3,3,4,1,3,1,1,2,4,4,4,1,2,2,4,4,1,2,2,2,4,4,2,3,3,4,3,4,3,3,1,3,1,2,3,4,2,4,2,3,2,2,1,1,4,2,2,2,2,4
127,1,2,3,2,2,4,3,4,1,4,4,4,4,4,2,2,3,3,3,3,2,3,3,2,4,3,3,2,2,3,2,4,2,3,2,3,3,2,2,3,1,4,3,4,1,3,2,3,4,2,3,4,4,3,3,3,3,3,1,4,3,3,2,2,2,3
128,1,2,1,3,2,4,2,2,4,2,2,4,4,4,2,2,2,4,3,1,2,1,1,1,4,3,3,1,1,1,1,4,2,2,2,3,2,1,1,1,1,4,4,3,1,1,1,2,1,1,2,2,1,2,3,2,2,2,2,1,2,1,1,4,2,3
129,1,2,3,3,2,3,2,3,3,1,1,4,4,2,3,2,3,2,3,1,3,2,3,3,4,3,3,2,3,3,3,3,2,2,2,4,3,3,2,2,2,3,2,3,3,4,1,3,3,3,3,2,1,2,3,3,2,2,2,3,3,3,2,3,2,3
130,1,1,1,2,1,2,2,1,2,1,1,3,4,2,1,3,3,2,1,3,2,1,2,2,4,3,3,1,2,1,3,4,2,1,1,3,3,3,2,2,2,2,3,3,4,2,2,2,3,2,3,4,2,2,3,2,2,2,3,4,2,2,2,2,2,2
131,1,3,3,2,4,3,2,3,2,2,2,4,3,2,2,2,3,3,3,1,2,2,2,2,3,3,3,3,3,3,2,2,2,3,2,2,3,2,2,2,3,3,2,3,4,2,2,3,2,3,3,3,2,2,3,3,3,3,4,4,3,2,2,3,1,2
132,1,3,3,2,2,3,3,2,2,1,2,4,4,3,2,2,3,2,2,2,3,2,1,1,4,3,3,2,3,3,4,4,1,4,2,3,4,3,3,2,2,4,2,3,4,3,1,3,1,2,3,4,2,2,4,2,3,3,2,1,1,3,1,3,1,4
133,1,2,2,2,2,3,3,2,2,2,2,4,3,3,2,3,3,4,3,2,2,2,2,2,4,4,2,2,2,3,3,3,2,3,3,3,2,2,2,4,3,2,3,3,3,4,3,3,4,2,4,3,3,2,4,4,3,3,3,2,3,3,3,3,3,2
134,1,2,2,4,3,4,4,3,2,2,2,4,4,4,1,2,2,3,3,3,3,2,1,1,4,3,3,3,3,2,3,4,2,1,2,3,4,4,3,3,1,4,2,3,2,4,1,1,3,3,3,4,4,4,4,2,1,1,1,1,1,1,1,1,1,4
135,1,2,2,3,3,4,2,1,3,2,1,4,4,3,2,2,3,3,2,1,3,2,2,3,4,3,3,1,2,2,4,4,2,2,2,4,4,4,3,3,1,4,3,3,2,2,1,3,2,1,2,1,1,3,3,2,2,2,1,1,2,2,2,3,2,2
136,1,2,1,4,1,3,1,2,3,4,2,3,4,3,3,3,3,2,2,2,2,1,2,3,4,3,3,4,3,2,3,3,3,2,3,3,4,3,3,4,2,2,2,3,3,4,2,2,4,3,3,4,3,3,3,1,2,3,1,1,2,3,1,2,2,3
137,1,3,2,3,2,2,1,4,1,2,3,2,2,1,3,1,2,2,1,3,2,2,1,1,4,2,2,3,3,1,2,2,2,3,3,2,3,2,3,2,1,2,1,4,2,4,2,3,2,2,3,4,2,1,1,2,2,2,4,2,2,2,2,3,2,2
138,1,2,2,4,3,3,1,1,1,1,2,4,3,2,3,2,3,1,2,1,2,2,2,3,4,4,4,3,2,1,3,2,2,2,2,2,3,4,2,1,1,2,3,3,4,2,1,2,1,1,2,3,3,2,2,3,2,2,2,1,1,1,2,3,2,2
139,1,1,1,3,1,3,1,1,2,1,1,4,4,4,2,1,2,2,1,1,3,1,1,3,4,2,4,1,2,1,2,4,3,1,1,4,3,2,3,4,2,3,2,3,3,4,1,1,1,3,1,4,1,3,2,1,1,1,1,3,1,1,1,1,1,3
140,1,2,1,3,2,3,2,1,2,4,3,3,3,2,3,2,3,4,4,3,3,1,3,3,4,4,3,2,2,3,3,3,3,2,2,3,3,3,2,2,2,2,2,4,3,3,2,2,3,2,2,3,3,2,3,4,2,2,4,3,2,3,3,3,2,2
141,1,3,3,3,2,3,3,1,1,1,1,4,3,3,2,2,3,2,2,2,3,1,3,1,4,3,2,1,2,4,3,3,2,3,3,3,3,2,2,3,2,3,3,3,3,3,2,3,2,2,4,3,2,3,3,2,4,2,4,2,1,4,1,4,2,3
142,1,2,1,3,1,4,1,1,2,1,1,4,4,3,2,1,4,2,1,2,2,1,1,1,4,4,3,2,1,1,2,3,2,1,1,3,2,2,3,2,2,3,1,3,3,4,1,1,2,1,1,3,1,2,3,1,1,1,1,1,1,1,1,1,1,3
143,1,2,1,3,2,2,1,1,1,4,1,4,4,4,2,2,3,2,2,3,2,1,2,2,3,2,3,3,2,1,1,4,2,1,1,3,2,2,1,2,2,2,1,4,2,4,4,1,2,2,2,1,2,3,1,2,2,1,4,2,1,1,1,2,1,3
144,1,1,1,4,2,4,1,3,1,3,1,4,4,4,3,3,3,2,1,2,4,1,2,4,4,3,3,2,2,3,3,4,2,2,2,3,4,4,3,4,2,4,2,4,3,4,2,2,2,1,1,4,2,4,4,1,1,1,2,1,1,1,1,2,1,4
145,1,2,2,2,1,3,2,2,1,1,1,4,4,4,3,2,4,2,2,2,2,1,1,3,4,4,4,3,2,2,3,4,4,2,2,3,4,4,3,2,2,3,2,3,2,3,1,2,3,2,2,3,2,2,3,1,2,1,2,1,1,2,1,2,1,3
146,1,3,1,2,3,3,2,4,1,3,2,4,4,3,2,2,4,4,4,3,3,1,1,2,4,4,3,1,1,1,3,4,3,2,4,4,3,3,3,3,4,3,4,4,4,4,4,4,3,2,3,3,3,4,2,4,3,3,1,2,2,3,3,3,2,3
147,1,4,2,4,2,4,1,3,2,1,2,4,4,4,4,2,4,3,2,2,3,1,2,1,4,3,3,1,2,2,2,4,3,2,2,4,2,2,2,3,2,4,2,3,3,2,2,1,3,1,3,4,1,2,2,3,2,2,1,2,2,2,1,2,1,2
148,1,2,2,3,2,2,3,1,1,2,1,4,2,4,1,2,3,3,2,4,2,1,2,2,4,3,3,3,3,2,2,2,2,2,2,2,3,3,3,2,2,2,2,2,2,2,2,2,2,2,3,3,4,3,4,1,2,1,1,2,1,2,2,2,1,3
149,1,3,2,2,2,4,2,3,2,3,2,4,4,3,2,2,3,2,2,1,2,2,2,1,4,2,3,2,2,2,2,4,1,2,3,3,2,2,1,3,2,3,2,3,4,4,3,2,4,1,2,3,2,2,3,3,3,2,2,4,2,2,3,2,2,4
150,1,3,1,3,3,4,3,2,2,1,2,4,4,3,2,2,4,4,3,3,4,2,2,3,4,4,3,2,1,2,3,4,3,4,4,3,4,4,1,4,3,4,2,4,1,4,3,4,3,1,4,2,2,2,4,4,4,4,1,4,4,4,4,3,3,4
151,1,2,2,4,3,4,2,3,1,2,2,3,3,3,4,3,4,4,3,2,3,2,4,4,4,3,4,2,2,2,3,4,4,1,3,4,4,3,4,4,2,3,3,4,3,4,3,3,2,2,4,2,2,1,2,4,3,2,1,2,3,2,4,4,1,3
152,1,2,3,2,2,4,3,2,1,2,1,3,4,4,2,3,4,4,3,2,2,2,1,1,4,3,4,2,1,4,2,4,2,3,4,2,3,2,1,4,2,3,4,4,1,3,2,4,4,2,4,2,4,2,4,4,4,3,4,1,3,3,4,3,2,4
153,1,2,1,2,2,4,2,2,2,4,2,3,3,3,3,2,3,1,1,3,2,1,3,1,4,4,4,3,2,1,3,4,2,1,1,3,3,2,3,3,4,4,2,1,4,3,2,1,1,1,1,3,2,2,4,1,1,1,4,1,1,1,2,2,1,3
154,1,2,1,3,2,2,3,2,2,1,1,2,3,2,2,1,4,1,2,2,2,2,2,1,3,2,2,2,2,2,3,1,2,3,3,3,2,2,2,2,1,1,3,3,4,3,1,3,1,3,3,4,2,2,3,2,2,2,2,1,2,2,1,2,1,2
155,1,2,1,4,3,4,2,3,3,4,1,4,4,3,3,2,3,2,3,4,3,1,3,3,4,4,4,3,3,1,4,3,3,2,2,2,3,4,3,4,4,4,3,2,4,4,3,2,4,4,4,4,4,3,3,3,4,2,4,1,2,3,1,3,2,3
156,1,2,1,2,2,1,2,2,3,2,1,3,2,2,2,2,3,2,2,4,2,1,3,3,4,4,3,4,3,1,4,2,3,1,1,2,3,3,3,3,3,2,2,1,3,4,4,2,4,3,2,4,3,3,3,2,2,2,1,1,2,2,2,1,2,2
157,1,2,1,3,2,3,2,2,3,1,3,4,3,4,3,4,4,3,3,3,3,1,4,3,4,3,3,4,3,1,3,3,3,1,1,4,3,3,4,4,1,3,3,2,4,4,1,1,3,2,2,4,2,3,3,2,2,2,1,2,2,2,2,3,1,3
158,1,3,3,3,2,3,2,3,3,3,3,3,3,2,2,2,3,3,3,2,3,1,1,1,4,3,2,2,3,3,2,3,3,2,3,3,3,2,3,3,3,3,3,2,4,3,3,3,3,4,3,3,3,2,3,3,2,3,2,3,3,2,3,3,3,3
159,1,2,1,4,2,2,1,2,1,1,1,3,3,3,2,2,3,2,2,1,2,1,1,1,3,2,3,2,1,2,2,2,2,1,2,3,2,2,2,2,1,2,2,2,3,2,2,2,1,2,2,2,1,2,2,2,1,1,1,1,1,1,1,2,1,2
160,1,2,1,2,2,3,1,1,1,1,1,3,3,2,1,2,3,2,2,1,2,1,3,2,3,3,3,2,3,2,3,3,2,1,1,2,2,2,2,1,1,2,2,3,2,2,2,2,1,2,3,3,2,2,2,2,2,1,3,1,1,1,1,2,1,2
161,1,2,3,3,3,4,2,2,4,1,2,3,4,3,3,3,4,3,3,2,3,2,3,4,4,3,2,2,3,3,3,4,3,3,3,3,3,3,2,2,2,3,3,3,2,3,4,3,3,3,3,4,2,2,4,3,3,2,3,2,2,3,2,3,2,3
162,1,2,2,3,3,4,2,2,1,1,2,2,4,2,3,3,2,3,3,2,3,2,1,2,3,4,3,1,1,2,3,4,2,2,3,2,3,3,3,3,2,4,3,3,1,2,2,3,2,2,3,2,2,2,4,4,3,3,2,2,3,3,2,3,3,4
163,1,1,1,3,2,3,1,1,3,1,1,3,4,4,4,2,3,2,2,1,3,1,2,3,4,3,4,2,3,1,2,4,3,1,1,3,4,3,4,2,2,3,2,3,4,4,2,1,1,2,3,3,2,4,3,2,2,1,1,1,1,1,1,2,1,3
164,1,4,3,2,2,3,2,3,1,4,4,3,4,4,3,3,4,3,3,3,4,2,2,3,4,4,4,3,3,2,2,4,3,4,1,4,4,3,3,4,3,3,3,4,2,4,4,4,4,2,3,2,4,2,4,3,3,2,1,2,4,3,4,3,3,3
165,1,1,2,2,2,3,2,4,1,2,3,4,3,3,2,2,2,1,2,2,2,2,1,1,3,2,2,3,2,3,3,3,2,3,1,2,2,2,2,1,1,2,4,3,1,3,2,2,1,2,3,4,2,2,3,2,2,1,2,1,3,1,1,3,2,2
166,1,3,3,3,3,4,4,2,3,1,1,4,4,4,3,2,4,3,3,3,3,3,3,3,4,4,4,2,3,3,3,3,3,4,2,2,3,3,4,1,2,3,3,3,4,4,3,4,2,4,3,3,1,1,3,3,4,1,1,1,2,2,1,2,1,3
167,1,2,2,3,2,4,2,1,2,1,1,3,3,2,2,2,3,2,2,2,3,2,1,2,4,3,3,1,2,2,3,3,2,2,1,2,2,2,3,2,2,4,2,2,3,3,3,1,2,1,2,3,3,2,2,2,2,1,2,2,1,1,2,2,1,3
168,1,2,2,3,2,4,2,4,2,1,2,4,4,4,2,2,4,2,1,2,3,1,2,1,4,2,2,2,2,2,3,4,2,3,3,2,2,3,2,1,1,4,1,2,1,3,2,3,2,1,2,1,1,2,4,2,1,1,1,4,1,1,1,2,1,4
169,1,2,1,2,2,3,1,1,1,1,1,4,3,3,2,2,2,2,1,1,2,1,2,1,4,3,2,1,2,1,1,3,2,1,1,2,1,2,1,2,2,3,1,1,3,2,1,1,1,1,1,3,1,1,3,1,1,1,1,2,1,1,1,1,1,3
170,1,2,2,4,2,3,3,4,1,1,4,2,3,4,2,1,4,2,2,3,1,1,3,2,4,3,3,2,3,3,4,4,3,3,3,3,3,2,3,2,4,4,3,4,4,4,1,4,2,3,3,2,3,3,2,4,3,3,2,3,4,3,3,4,3,4
171,1,4,3,2,2,2,3,4,1,1,2,3,3,3,2,4,2,3,1,3,3,3,4,2,3,3,2,2,1,2,2,3,2,4,4,2,2,2,2,3,1,3,1,2,1,1,1,4,4,2,3,4,3,1,3,4,3,1,1,4,4,1,4,2,2,3
172,1,4,3,2,2,4,3,3,1,1,4,4,4,4,3,2,3,4,3,3,3,3,3,1,3,3,3,1,2,3,2,4,2,3,4,3,2,2,1,3,1,3,3,4,2,3,2,4,1,3,4,2,2,1,3,3,3,4,2,2,2,3,2,4,2,3
173,1,3,4,2,4,2,2,1,2,3,4,3,3,4,2,1,4,4,4,1,2,4,2,2,4,4,3,1,1,3,3,3,2,4,4,3,4,3,2,1,1,1,2,4,1,2,3,4,1,4,4,4,2,1,3,4,4,4,4,1,2,4,2,1,2,2
174,1,3,2,4,4,4,4,2,3,2,4,4,4,4,3,2,4,3,4,3,4,1,2,3,4,4,4,3,1,2,4,4,3,4,4,4,3,4,2,4,1,4,3,4,2,4,1,4,4,2,4,3,2,1,4,4,3,1,2,4,2,1,4,3,2,4
175,1,2,2,3,2,2,2,2,1,1,1,2,4,2,2,3,3,2,2,2,2,2,3,2,4,4,4,4,4,3,4,3,2,1,2,4,4,4,3,2,2,3,2,2,4,4,2,2,2,2,2,3,2,2,2,4,3,2,1,1,2,2,2,2,2,2
176,1,2,1,2,2,2,2,3,2,1,2,3,3,3,2,2,3,2,2,2,3,1,2,1,4,3,3,2,2,1,3,3,2,1,1,3,4,3,2,1,2,2,2,2,4,1,2,1,1,1,1,3,2,1,3,3,2,2,1,1,2,1,1,1,2,3
177,1,2,1,3,3,3,2,4,3,1,3,4,3,3,2,3,4,1,2,1,3,1,3,4,4,3,2,3,4,1,3,4,2,1,2,3,1,3,3,2,1,4,1,3,4,2,4,1,1,2,3,3,2,1,1,3,2,2,1,1,4,2,2,1,2,2
178,1,1,1,2,1,4,2,2,2,1,2,4,4,4,4,4,3,1,2,1,4,1,1,2,4,2,4,1,2,1,4,4,4,1,1,4,3,2,2,2,1,4,2,2,2,1,1,1,1,1,3,3,1,2,3,1,1,1,1,4,1,1,1,2,1,3
179,1,2,1,3,2,3,2,1,2,2,1,3,3,4,3,2,3,4,3,2,3,1,2,3,4,3,3,4,2,2,4,3,2,2,4,2,2,3,3,2,3,3,3,3,3,4,1,4,2,3,4,4,4,2,4,3,4,2,4,2,3,2,2,3,1,4
180,1,3,1,4,3,3,2,3,3,2,2,3,4,3,3,3,3,3,3,2,3,1,3,2,3,2,3,2,3,2,3,4,4,2,1,3,3,4,4,3,4,4,2,4,4,3,3,2,2,2,2,1,4,3,3,4,2,2,4,2,2,2,2,2,2,3
181,1,1,1,2,2,2,2,3,1,4,1,2,3,2,1,1,2,3,2,1,2,1,2,2,4,3,1,1,2,2,2,3,2,2,1,3,3,3,2,1,1,2,2,2,3,1,2,2,1,2,2,2,3,1,3,3,2,1,4,1,2,2,2,3,1,3
182,1,2,2,4,3,4,3,2,3,1,3,3,4,3,2,2,3,3,3,1,4,2,2,3,4,4,4,1,1,1,3,4,3,2,2,4,3,4,3,2,1,4,3,4,3,2,1,2,1,3,3,4,1,3,4,3,3,2,1,1,2,2,2,2,2,4
183,1,2,2,3,1,4,2,1,2,1,2,4,4,3,2,2,3,3,4,2,3,2,3,2,4,3,4,3,3,3,2,3,2,2,1,3,3,3,3,2,3,4,2,4,4,1,1,3,1,3,4,2,2,3,3,2,3,3,2,1,2,2,1,2,2,3
184,1,2,1,2,2,4,2,1,2,1,1,4,4,3,2,2,2,3,2,2,3,1,2,1,2,2,4,2,2,3,2,4,2,1,1,3,2,2,2,3,2,4,3,2,3,3,1,2,2,2,2,2,1,1,3,3,2,2,1,1,3,2,2,2,2,2
185,1,1,1,2,1,4,1,2,3,1,1,4,4,3,2,3,4,2,3,2,3,1,3,3,4,4,3,2,2,1,3,4,3,2,1,4,3,3,3,2,1,3,3,4,3,2,1,1,1,2,3,3,2,3,3,4,2,1,1,2,1,1,1,2,2,3
186,1,2,2,2,2,3,2,3,1,2,3,2,2,2,2,2,3,3,2,2,2,2,3,2,4,3,2,3,2,3,2,2,1,2,4,2,2,2,1,3,2,2,3,4,1,2,2,4,2,2,2,3,2,2,3,4,4,3,2,2,4,3,2,4,3,2
187,1,4,2,3,3,2,2,1,2,1,1,3,2,2,1,1,1,1,2,1,1,1,2,1,3,3,2,1,1,3,2,2,1,2,3,2,2,2,1,1,1,1,3,3,3,2,2,3,2,1,4,3,1,1,1,1,2,1,2,1,3,2,1,2,1,2
188,1,4,3,2,1,4,1,3,2,1,4,4,4,4,1,1,3,4,4,4,4,2,1,1,4,3,2,1,1,1,1,4,2,4,3,1,3,2,1,1,1,4,1,1,1,4,4,3,3,1,4,3,4,3,4,3,4,1,1,4,1,1,1,4,1,4
189,1,4,4,3,3,3,3,3,2,4,2,3,3,2,1,2,3,4,4,3,2,3,2,2,4,4,4,3,2,3,3,3,2,4,4,3,3,3,2,3,2,3,4,4,2,4,3,4,3,3,4,2,4,2,4,3,4,4,4,3,3,4,3,4,2,2
190,1,2,2,2,3,3,3,2,2,2,2,2,3,2,2,2,2,3,2,3,3,2,2,2,3,3,2,2,2,3,3,3,2,3,3,2,2,2,3,3,3,2,2,3,3,4,3,3,2,2,3,3,2,2,2,3,3,3,2,3,2,2,2,2,2,2
191,1,2,1,3,2,4,1,2,1,2,1,4,4,3,2,1,3,1,1,3,2,1,2,1,4,3,3,1,1,1,3,4,2,2,1,3,3,2,2,3,3,3,2,1,2,4,3,2,2,1,2,3,2,1,3,1,2,1,2,1,1,1,2,1,1,3
192,1,2,1,3,1,3,2,2,2,1,1,2,3,3,2,2,2,2,3,3,2,2,2,2,4,2,2,1,2,2,2,4,2,2,2,3,2,3,2,2,3,3,2,2,4,4,2,2,2,2,3,3,2,3,3,2,2,2,1,1,1,1,1,2,2,3
193,1,2,3,3,1,2,2,2,1,3,1,2,2,2,1,1,2,2,2,4,2,2,2,2,4,3,4,1,1,2,2,2,1,2,2,2,2,2,2,3,2,2,2,2,4,3,4,2,4,2,2,2,2,2,2,2,2,2,1,1,2,2,2,2,2,2
194,1,2,2,3,1,4,4,4,3,3,4,4,4,3,2,3,4,2,4,2,3,3,3,4,4,4,4,2,1,3,3,4,2,3,3,3,4,4,4,2,3,4,3,3,1,4,2,4,2,3,3,3,3,2,4,4,4,1,3,2,4,3,2,2,4,4
195,1,2,1,2,3,2,2,2,2,1,1,3,2,2,2,2,3,2,3,2,2,1,2,2,3,3,3,2,1,1,2,3,2,2,2,3,2,2,2,2,2,2,2,2,3,3,4,2,1,2,2,3,2,2,3,2,2,2,2,3,2,2,2,2,2,2
196,1,3,4,2,2,4,1,2,3,3,1,3,4,3,4,2,4,4,2,1,3,2,4,2,4,3,4,4,4,4,3,4,2,4,4,3,2,3,4,3,2,3,4,2,4,4,1,4,4,4,4,4,3,2,3,2,3,2,3,4,1,3,1,3,1,2
197,1,2,2,4,2,3,3,2,3,1,2,4,3,3,4,4,3,2,3,2,3,1,4,2,4,4,3,4,4,4,3,3,4,4,1,4,2,2,4,2,1,3,1,4,3,2,1,2,1,1,3,3,1,1,1,1,3,1,1,2,1,2,2,2,1,3
198,1,2,2,2,2,4,2,2,2,2,2,3,3,2,1,2,2,2,3,2,3,2,3,1,4,3,4,2,2,2,3,3,1,2,2,2,3,3,3,2,1,3,2,2,1,3,2,3,2,2,3,4,2,2,3,2,2,3,2,2,2,3,2,2,2,4
199,1,2,1,2,2,2,2,2,2,1,1,4,3,2,3,3,2,2,3,1,2,1,2,2,2,2,4,1,2,1,2,2,3,2,3,3,1,2,2,3,1,2,2,2,2,3,1,1,1,2,2,3,3,2,2,3,2,1,1,2,3,1,1,2,1,1
200,1,1,1,3,1,3,1,2,2,1,1,3,4,3,2,3,3,2,1,4,3,1,1,1,4,3,3,1,2,1,2,4,2,2,2,3,3,3,2,3,3,3,2,2,2,3,2,1,1,1,2,3,2,2,3,2,2,2,1,2,1,1,2,2,2,2
201,1,2,1,3,3,3,3,3,2,1,2,4,4,3,3,3,2,3,3,1,3,2,2,2,4,3,4,1,2,3,2,4,3,2,3,2,2,3,2,3,2,3,3,3,2,2,4,3,2,3,3,3,2,3,4,3,3,2,2,4,3,3,2,3,3,3
202,1,2,1,4,3,4,1,3,3,1,2,4,4,3,4,2,2,1,1,1,3,1,1,3,3,4,4,3,3,2,3,3,3,1,1,3,2,3,2,1,3,3,4,1,2,2,1,1,1,3,2,4,4,2,4,4,2,1,1,1,2,1,1,4,1,4
203,1,3,1,2,1,4,2,4,1,3,3,3,4,2,3,1,3,3,1,2,2,2,4,2,4,4,4,4,4,2,4,4,3,2,3,3,3,3,4,2,4,3,3,3,3,4,4,4,2,2,2,3,2,2,2,2,3,2,3,1,2,1,2,4,1,3
204,1,3,1,1,2,3,3,3,1,1,2,3,3,3,1,2,3,3,3,2,2,1,4,3,4,3,3,4,2,3,4,4,2,3,3,2,2,2,2,2,4,3,3,3,4,4,3,3,3,3,3,4,3,2,3,3,3,2,3,4,2,2,3,4,3,3
205,1,3,3,2,3,4,4,4,2,1,4,3,4,4,1,4,4,4,4,2,3,3,4,1,3,4,4,4,4,4,3,3,1,2,4,4,4,3,2,4,4,4,4,4,4,4,4,4,1,4,4,4,4,3,4,4,4,4,1,4,4,4,4,4,4,4
206,1,3,3,2,1,2,3,4,2,1,3,3,3,1,1,2,4,4,4,1,2,2,1,2,4,2,3,4,2,4,3,3,1,3,3,2,3,3,3,3,1,2,4,3,2,3,1,3,2,2,4,2,1,2,3,2,4,2,2,2,3,3,1,3,1,2
207,1,3,3,2,3,3,3,2,2,2,3,3,4,2,2,2,3,4,3,2,2,1,2,2,4,4,3,2,1,4,3,3,2,3,3,2,3,3,2,4,3,3,3,3,3,4,3,4,3,2,3,3,2,2,3,3,3,2,3,2,3,3,3,3,2,3
208,1,3,2,2,1,4,1,1,2,2,2,4,4,3,2,2,4,1,2,3,4,2,2,1,4,4,3,1,2,1,2,4,2,2,3,2,3,2,3,4,2,4,2,1,2,3,2,2,2,2,2,3,1,2,2,3,2,3,4,4,2,2,2,3,1,4
209,1,2,4,4,2,3,4,2,2,1,1,3,2,2,2,2,2,3,2,1,2,2,2,3,4,3,3,2,1,2,3,2,2,3,2,4,3,3,4,2,4,2,2,4,4,2,3,2,1,2,3,4,2,3,1,3,3,2,1,4,2,2,1,1,2,1
210,1,3,1,3,2,3,3,3,3,1,3,3,3,2,2,2,3,3,3,1,3,1,3,2,3,3,3,1,2,1,3,3,3,3,4,3,3,3,3,1,2,3,3,3,2,1,1,2,1,2,3,3,1,3,3,3,3,1,1,2,2,2,1,1,1,3
211,1,1,1,3,3,3,1,2,2,1,1,3,3,2,2,1,3,2,2,1,1,1,1,1,4,3,3,1,2,2,3,3,2,2,1,3,2,3,2,2,2,3,3,2,3,1,3,1,2,1,2,3,1,2,3,1,2,1,2,1,1,1,1,2,1,2
212,1,2,2,3,2,3,1,1,2,4,2,3,3,2,3,2,3,4,3,2,2,1,1,2,3,3,3,2,2,2,3,3,3,2,3,3,3,3,3,3,1,3,3,3,4,3,3,2,1,3,3,3,2,2,3,3,3,3,2,1,1,1,1,1,1,3
213,1,2,2,3,1,2,2,1,1,1,1,3,2,2,1,1,3,2,2,1,2,1,3,2,2,4,4,1,2,2,1,1,2,2,1,2,3,2,2,2,3,2,1,1,3,2,2,2,3,2,3,2,1,2,1,3,3,2,1,2,3,2,2,3,2,1
214,1,3,4,2,2,4,4,4,3,1,4,4,3,1,2,2,3,4,4,1,4,4,3,2,4,4,4,1,2,3,3,4,2,3,3,2,3,3,2,2,2,4,3,3,1,2,1,2,3,3,4,1,2,3,4,4,4,2,1,3,3,4,2,2,3,4
215,1,3,2,4,1,4,2,2,1,2,1,4,4,3,2,2,3,2,4,4,2,2,1,1,3,2,3,2,1,2,3,3,2,1,3,4,3,2,2,3,1,3,3,2,2,3,4,3,3,2,2,3,2,2,4,3,3,1,3,2,2,2,2,3,1,3
216,1,1,1,2,1,2,2,1,1,1,1,3,3,2,1,2,2,2,2,1,2,1,3,3,3,2,3,3,2,3,2,2,1,1,1,2,2,2,2,2,3,2,2,3,2,3,3,2,1,3,2,3,3,2,2,3,3,2,2,3,3,2,3,2,2,2
217,1,3,4,3,2,3,4,4,2,2,4,2,3,3,2,1,2,4,4,2,2,3,4,2,3,2,4,1,1,3,1,2,2,3,4,2,2,2,1,2,1,2,3,4,1,2,2,4,3,2,3,1,2,1,3,4,4,3,2,2,4,3,2,3,4,2
218,1,4,3,3,3,3,4,3,2,1,3,4,4,4,4,3,4,4,3,1,3,3,3,3,4,4,2,4,4,4,4,4,3,1,2,4,3,3,3,1,4,4,4,4,4,2,1,3,1,4,1,4,3,4,3,2,4,4,1,3,2,3,3,3,3,3
219,1,4,2,3,1,4,3,3,1,4,3,4,4,4,3,2,3,4,4,4,4,1,3,2,4,3,3,1,1,1,1,4,2,3,4,4,3,3,1,4,1,4,4,4,1,4,4,4,2,1,3,2,1,1,3,4,4,4,4,4,3,3,3,3,3,3
220,1,2,2,3,1,3,1,3,3,2,3,2,3,2,2,2,3,2,2,1,3,1,2,2,3,3,3,3,3,2,3,3,3,2,1,3,3,3,3,2,2,3,2,3,4,4,2,1,2,2,3,4,4,3,2,2,2,1,2,1,1,2,1,2,1,2
221,1,2,3,4,2,3,2,1,2,1,2,4,4,4,4,2,2,3,3,2,4,2,2,1,4,4,4,2,2,2,3,3,3,2,3,4,4,3,3,4,3,3,3,2,4,4,2,3,2,2,3,3,2,3,3,3,2,2,2,3,1,2,3,2,1,4
222,1,3,4,3,3,3,4,1,1,1,1,4,3,4,4,3,3,4,2,3,3,3,3,3,4,3,3,2,2,3,4,3,3,4,4,3,2,2,3,2,3,4,3,3,3,4,3,4,2,4,4,3,4,3,3,4,3,3,1,1,1,4,3,4,1,3
223,1,2,1,3,2,4,1,3,1,4,2,4,4,3,2,3,4,2,3,2,4,1,3,3,4,4,2,1,2,1,4,4,3,2,2,3,3,3,2,2,2,4,3,3,4,2,1,1,2,2,2,3,2,4,4,2,3,1,4,3,1,1,1,2,1,3
224,1,2,1,2,2,4,1,1,1,1,2,4,4,3,2,2,3,2,2,2,3,1,1,1,4,3,4,1,2,1,2,4,2,1,1,2,3,2,2,1,2,4,2,1,2,2,2,1,2,1,1,3,1,4,4,3,2,1,4,3,2,1,2,2,1,4
225,1,1,1,2,2,2,1,3,2,2,1,4,4,3,2,2,3,2,2,2,2,1,2,2,3,3,3,1,2,1,2,3,2,2,1,2,4,2,2,1,3,2,2,2,3,1,2,2,1,1,2,3,1,2,2,2,1,2,2,1,1,2,1,1,1,3
226,1,2,1,2,3,3,3,4,2,1,3,4,3,3,2,1,3,3,3,2,3,1,4,3,4,4,4,4,4,4,2,3,1,1,3,2,3,2,3,1,3,2,1,3,2,2,3,2,1,3,3,3,1,2,3,2,3,1,2,4,2,1,2,2,3,3
227,1,1,1,3,1,4,1,2,1,1,2,4,4,4,2,1,2,2,2,1,3,1,2,1,3,3,4,2,2,2,1,4,2,2,1,3,2,2,3,1,1,4,2,2,3,1,1,1,1,1,2,3,1,1,4,2,2,1,1,1,1,1,1,1,1,3
228,1,2,2,3,2,3,2,3,2,1,3,4,3,3,2,3,2,3,2,2,2,3,2,1,4,3,3,1,3,2,3,3,2,3,2,3,2,3,2,2,3,3,3,3,3,2,2,3,1,2,3,4,1,2,3,3,3,2,1,3,4,2,2,3,2,3
229,1,3,1,2,3,2,1,2,2,3,1,3,3,2,1,1,2,2,2,2,2,1,2,2,4,3,2,2,2,2,3,3,1,2,2,3,3,3,1,2,1,2,2,3,3,1,4,2,3,3,2,3,1,2,3,3,1,2,3,2,2,1,2,2,1,3
230,1,2,3,4,2,4,3,4,2,2,4,4,4,4,3,3,4,3,3,1,3,1,3,2,4,4,4,3,4,3,4,4,4,2,3,3,4,3,3,3,2,3,3,4,1,4,2,2,3,3,3,1,2,3,4,4,3,3,2,4,2,3,3,3,2,3
231,1,2,2,3,2,4,1,2,1,1,1,2,4,2,3,2,4,3,3,2,3,1,4,2,3,3,3,4,2,1,2,4,2,2,3,2,3,2,2,3,2,4,3,4,3,4,3,3,2,2,2,4,4,3,2,2,3,2,2,3,2,2,2,4,1,4
232,1,2,1,3,4,3,1,3,1,2,1,3,2,2,2,1,4,3,3,4,3,1,2,2,4,4,3,2,1,2,4,4,2,1,3,4,3,4,2,4,3,3,4,4,2,4,4,4,4,2,2,3,3,2,4,4,4,1,4,3,3,1,3,3,3,3
233,1,2,2,3,2,3,2,3,2,1,2,3,4,3,2,2,3,1,1,1,3,3,2,2,4,2,3,1,2,2,2,4,2,3,2,3,1,2,2,2,2,3,1,3,3,2,3,3,1,2,3,1,2,1,3,2,2,1,2,3,2,2,1,2,1,3
234,1,2,2,2,2,3,1,2,1,3,2,2,4,3,4,3,4,2,3,3,3,1,2,2,3,4,4,1,1,2,4,4,3,3,4,4,4,4,2,4,1,2,2,3,4,4,3,4,3,2,3,3,2,2,4,3,3,3,2,2,2,2,2,4,2,3
235,1,2,1,3,2,3,2,1,2,1,1,3,3,2,4,3,3,1,2,2,2,2,2,3,4,4,3,3,3,3,2,2,3,3,1,4,4,3,3,2,2,2,1,1,2,2,1,2,1,3,3,2,1,2,3,2,2,1,1,1,1,1,1,3,2,2
236,1,2,1,3,3,4,1,1,2,3,3,4,4,4,2,2,4,3,2,2,2,1,3,3,3,3,3,3,2,1,2,3,2,1,2,2,2,2,1,4,1,2,2,2,1,3,2,2,3,2,2,3,2,3,3,2,3,3,4,4,2,2,1,2,1,3
237,1,4,1,3,4,4,2,2,2,3,2,4,4,4,3,3,3,4,4,3,4,1,2,3,4,4,4,2,1,2,3,4,3,3,4,3,3,4,2,4,4,3,4,4,2,4,2,4,3,2,3,2,3,3,4,4,4,3,4,3,4,3,4,4,4,4
238,1,3,3,2,2,4,2,2,1,2,4,4,4,4,4,4,4,3,3,3,3,1,2,2,4,4,4,3,2,2,2,2,2,2,3,3,3,3,3,1,2,2,2,2,3,4,3,2,3,2,2,4,2,2,3,2,2,2,3,3,2,2,2,3,2,2
239,1,3,2,3,3,3,1,2,2,4,1,4,3,4,2,1,2,2,3,2,2,2,1,2,4,4,4,2,2,1,3,2,1,2,1,2,3,3,2,2,2,2,2,2,3,4,1,2,2,3,3,2,3,2,2,3,2,3,2,4,3,2,3,2,1,3
240,1,3,2,4,3,4,2,3,3,1,2,4,4,4,2,2,4,4,3,1,3,1,2,2,4,3,3,1,2,2,3,3,4,3,2,3,3,3,2,1,2,4,4,4,2,3,1,1,2,2,2,3,1,2,4,2,3,1,2,2,2,2,1,3,2,4
241,1,3,3,2,4,3,3,4,2,4,4,3,3,1,2,3,4,4,4,2,2,4,4,3,4,3,3,2,2,3,3,3,2,3,1,3,2,3,3,2,1,3,3,4,1,2,1,4,1,4,4,4,4,3,3,3,4,4,4,3,4,4,3,4,4,4
242,1,3,2,2,3,2,3,3,1,1,2,3,2,1,3,1,3,3,3,1,2,1,1,1,4,3,4,3,4,3,4,1,1,2,4,2,2,2,1,4,4,2,1,4,2,2,1,4,1,2,3,4,2,2,2,2,3,2,2,1,1,2,2,3,1,2
243,1,2,1,1,1,3,3,4,1,1,2,4,3,3,2,2,2,2,2,1,2,1,1,2,4,4,4,2,1,1,2,2,2,1,1,2,3,3,2,2,2,2,3,2,4,2,1,1,2,2,3,4,1,2,2,2,2,1,4,2,2,1,1,4,2,2
244,1,2,2,3,3,3,3,4,2,3,4,3,3,2,2,2,3,4,3,4,3,2,3,2,4,4,3,2,2,4,4,2,2,2,3,2,3,2,2,4,2,2,3,4,2,4,1,3,3,2,3,4,2,2,2,2,3,3,4,4,2,3,3,2,1,2
245,1,2,3,3,3,3,2,4,2,1,1,4,3,2,1,1,3,3,4,2,3,1,2,1,4,3,2,2,2,3,2,3,1,2,2,2,2,2,2,2,3,2,1,4,4,3,4,1,2,2,3,4,1,2,2,3,3,1,3,2,2,1,1,1,1,1
246,1,4,1,2,1,4,1,4,1,3,3,4,4,4,4,4,3,3,3,2,4,1,3,2,4,4,3,3,3,2,4,4,4,3,2,2,3,3,2,2,4,4,2,2,4,3,2,1,1,1,2,4,2,3,4,2,2,3,3,3,1,1,2,2,1,4
247,1,3,3,2,3,4,3,3,3,1,2,4,4,4,4,4,4,3,4,1,4,3,4,1,4,4,3,3,3,1,4,4,4,3,3,4,4,4,4,2,2,4,3,4,2,4,1,3,1,3,3,4,2,2,3,3,2,3,1,2,2,3,2,2,2,4
248,1,2,1,2,2,3,1,2,3,2,1,3,4,3,3,2,2,2,2,2,3,1,3,2,4,3,3,2,2,2,3,4,4,1,1,3,3,2,2,1,1,3,2,2,3,1,1,1,1,2,2,2,1,2,4,2,2,2,3,3,1,2,2,2,1,3
249,1,2,1,4,3,3,1,1,2,2,3,4,4,3,4,3,4,3,3,2,3,1,3,3,3,3,3,3,3,2,3,4,3,2,1,3,2,3,3,3,2,2,3,3,3,3,2,2,1,2,2,3,2,2,2,3,2,2,2,2,2,2,3,2,2,2
250,1,2,2,1,1,2,1,1,1,1,1,4,3,3,3,2,2,2,3,1,2,2,1,1,2,2,3,2,2,2,1,1,2,2,1,2,2,1,3,1,1,3,4,4,2,1,1,2,1,2,4,4,1,1,2,3,3,2,1,1,2,2,1,4,1,4
251,1,2,1,3,2,4,2,2,2,2,1,3,3,2,1,2,4,3,3,3,3,1,2,2,4,4,3,3,2,2,3,3,2,1,4,3,3,3,3,4,4,3,4,3,4,4,2,3,3,2,4,4,1,3,3,2,4,3,2,2,2,3,2,4,2,3
252,1,2,2,3,3,3,1,2,2,1,2,4,3,3,2,2,2,2,1,1,2,2,2,2,4,3,3,2,2,2,2,3,2,1,1,4,2,3,2,1,1,3,3,3,2,1,1,2,1,2,2,2,1,2,3,2,2,1,4,2,1,2,1,2,1,3
253,1,3,3,3,3,4,2,3,2,1,3,4,4,3,2,2,4,3,3,1,3,3,3,3,4,3,4,2,2,3,3,3,2,3,4,2,4,3,2,2,2,3,2,3,2,2,1,4,1,2,3,4,2,2,3,3,3,3,1,4,3,3,3,2,3,3
254,1,2,2,4,2,3,2,3,2,2,3,3,4,2,3,2,3,3,3,1,3,2,3,3,4,3,3,1,3,2,2,3,2,1,1,3,3,3,2,2,3,3,4,3,3,3,2,3,2,2,3,4,2,3,3,4,3,2,1,4,2,3,2,3,1,3
255,1,2,1,3,2,2,2,1,3,4,1,4,2,4,1,1,3,2,1,3,2,1,3,3,4,3,2,4,3,2,2,2,1,2,1,2,2,3,4,2,1,2,2,2,1,2,1,1,1,3,2,3,3,2,1,1,2,1,4,3,1,1,2,1,1,1
256,1,3,3,3,3,4,4,3,3,4,2,3,4,2,2,3,3,3,3,4,3,2,2,2,3,4,3,3,2,3,4,4,3,2,3,3,4,3,3,3,3,2,3,3,3,4,4,4,4,3,3,3,3,3,4,4,4,3,4,4,3,3,4,4,3,3
257,1,3,3,4,3,4,2,3,2,2,3,3,3,4,3,3,3,3,3,3,2,3,3,2,3,3,4,4,3,3,3,4,2,2,3,4,4,3,2,3,3,3,3,3,2,3,3,3,2,2,3,2,3,3,3,3,3,2,3,3,4,3,3,4,3,4
258,1,2,1,4,1,4,2,3,3,1,1,3,3,4,3,4,3,2,2,1,3,1,2,3,3,2,3,3,2,2,3,4,3,1,3,3,3,3,2,3,2,3,4,4,1,4,2,3,1,3,2,3,2,1,3,3,2,2,2,1,2,1,1,3,1,3
259,1,3,1,4,3,3,2,2,2,1,2,4,4,3,2,2,3,3,2,2,3,1,2,2,4,4,4,2,2,1,3,3,2,2,2,4,3,3,3,2,2,3,2,3,3,2,2,2,2,2,3,3,1,2,3,2,3,2,1,1,2,2,1,2,2,3
260,1,2,2,3,2,2,3,2,1,4,3,2,2,2,2,2,2,3,2,1,2,2,2,2,4,4,3,3,3,2,4,2,2,2,1,3,4,2,2,1,4,3,2,1,4,3,1,2,1,2,2,1,2,2,2,2,1,1,4,3,2,2,1,2,1,2
261,1,4,2,3,2,3,1,2,3,2,1,4,4,3,2,2,3,4,3,1,3,1,3,3,4,2,3,3,4,2,3,4,2,2,1,4,2,4,3,1,2,4,2,4,3,2,1,1,1,3,1,4,1,2,2,3,2,2,3,1,1,1,1,2,1,3
262,1,4,4,4,3,4,4,4,2,2,4,4,4,4,4,4,4,4,4,4,1,4,1,3,4,4,4,2,4,4,4,4,4,4,4,4,4,4,4,4,4,4,4,4,4,4,1,4,1,4,4,4,4,4,4,4,4,4,1,1,4,4,1,1,3,4
263,1,3,1,4,3,4,3,2,3,1,2,4,4,4,3,3,4,4,4,4,4,1,4,2,4,4,4,4,1,2,4,4,3,1,3,4,4,4,2,2,1,4,3,4,3,4,4,3,3,1,3,4,1,3,4,3,3,3,2,1,1,2,1,4,2,4
264,1,2,2,1,2,4,2,1,1,1,1,3,3,3,2,1,3,4,4,1,2,2,3,1,4,3,2,2,3,3,2,3,1,2,4,3,2,2,1,2,1,3,3,4,4,4,4,4,3,2,3,3,3,2,3,4,3,2,4,4,3,3,3,4,1,3
265,1,1,1,3,1,4,1,2,1,1,2,4,4,3,2,3,2,2,2,1,4,1,2,1,2,2,3,1,2,1,2,4,3,1,1,3,2,2,2,2,1,4,2,3,3,2,1,1,1,2,1,4,1,2,3,2,1,1,1,1,2,1,1,2,1,3
266,1,3,4,4,2,1,2,4,4,1,4,1,1,1,3,4,2,2,3,2,2,1,4,3,4,2,3,4,1,2,3,2,1,4,4,2,3,1,3,3,1,1,3,3,1,2,4,4,2,3,4,4,1,3,3,4,4,1,1,2,4,4,2,3,4,2
267,1,2,1,2,1,2,1,3,1,1,2,4,2,2,3,2,2,1,2,2,2,3,1,2,2,2,2,1,1,1,2,2,2,1,1,2,2,2,2,2,2,2,1,3,1,2,3,1,1,2,1,3,1,2,2,2,2,1,2,2,2,1,1,2,1,2
268,1,2,2,3,4,4,2,1,2,3,1,3,3,3,2,2,2,4,3,2,2,2,2,2,4,4,3,2,2,2,3,3,2,2,2,3,3,3,2,4,2,3,3,3,2,4,1,3,2,2,2,3,2,3,3,3,3,2,2,3,2,1,2,2,2,4
269,1,2,3,1,1,4,2,3,1,1,3,3,3,3,3,3,3,4,3,2,3,3,4,3,3,3,3,2,3,3,3,4,4,2,3,4,4,3,4,2,2,3,3,3,4,2,2,3,2,2,3,4,4,4,4,3,4,3,1,2,3,3,1,2,1,3
270,1,4,3,4,3,3,4,4,1,4,4,3,2,2,2,1,3,3,3,1,2,4,1,1,4,3,2,1,2,2,1,1,3,2,3,4,2,1,1,1,1,2,1,4,4,2,1,3,1,2,4,3,2,1,3,2,3,1,3,1,1,2,1,1,1,2
271,1,2,1,3,4,4,2,2,3,1,2,4,4,4,3,2,3,4,2,4,3,1,3,2,4,4,4,3,4,2,2,4,4,3,1,2,2,2,3,3,2,4,4,4,4,4,4,1,4,2,3,4,4,2,3,4,3,1,1,4,3,2,2,4,2,4
272,1,2,1,3,1,2,1,4,1,1,2,3,4,2,3,3,2,1,1,1,1,2,1,4,4,4,4,3,3,4,4,4,4,1,2,4,4,4,3,2,2,3,4,2,4,4,1,2,1,3,3,4,1,1,4,1,2,2,1,4,3,3,1,4,1,4
273,1,2,2,4,2,3,2,3,3,2,1,3,4,3,2,2,3,3,3,2,3,2,3,3,4,3,2,2,2,1,1,3,3,3,3,3,2,2,2,1,1,3,3,2,4,1,1,2,1,2,3,3,2,2,3,2,3,2,1,3,2,3,1,2,1,3
274,1,2,3,2,2,2,3,3,1,1,3,1,2,1,1,3,2,2,3,1,2,3,1,2,3,4,1,2,1,3,2,2,1,3,2,1,1,1,2,2,3,2,1,3,2,2,1,3,1,3,2,2,2,2,3,3,3,1,2,1,3,3,2,1,3,2
275,1,1,2,4,2,3,4,4,2,1,2,2,2,3,2,2,2,1,1,1,3,2,2,2,3,2,2,2,2,3,2,3,2,2,1,2,2,2,3,2,1,2,2,4,2,2,1,3,1,1,3,2,1,2,2,3,3,1,2,1,2,1,1,3,1,2
276,1,2,1,2,1,4,1,2,2,1,2,4,4,4,3,2,3,2,2,2,3,1,1,1,4,4,4,2,3,2,2,4,3,1,2,3,3,2,2,1,1,4,2,3,2,2,1,1,1,2,2,4,1,2,2,1,1,1,1,1,1,1,1,1,1,4
277,1,2,1,1,1,2,1,2,1,1,1,2,3,1,1,1,2,1,1,1,1,1,2,1,4,2,2,1,1,1,1,3,1,1,1,2,1,2,2,1,2,2,2,1,4,2,1,1,1,1,2,4,1,1,2,1,1,1,2,1,1,1,1,3,1,2
278,1,2,3,4,3,3,4,4,2,2,4,1,2,1,2,2,2,3,4,2,2,4,3,2,4,4,3,4,3,4,3,3,2,4,3,4,2,3,4,3,2,2,4,4,3,2,2,4,2,3,4,3,1,2,3,4,4,3,1,2,4,4,2,3,2,2
279,1,2,1,3,3,3,2,2,1,2,1,3,4,3,2,2,3,2,2,2,2,1,2,2,4,4,2,2,2,1,2,3,1,1,3,2,3,2,2,2,3,3,2,2,3,3,2,3,2,1,2,3,1,2,3,3,2,1,1,3,2,1,2,3,2,2
280,1,3,2,4,4,3,4,1,1,4,3,4,3,4,2,3,3,3,4,3,2,2,3,2,3,4,3,2,1,2,3,4,2,3,4,3,3,3,2,4,2,3,4,3,2,4,2,3,4,3,2,4,4,2,3,4,4,3,4,2,2,3,2,4,3,3
281,1,1,1,2,1,3,1,1,1,2,1,4,3,3,3,2,2,1,3,4,2,1,1,1,4,2,3,1,1,1,2,3,2,1,1,3,1,2,2,2,3,2,2,1,3,2,4,1,3,3,1,1,3,2,3,3,1,1,3,4,1,1,1,4,1,2
282,1,1,1,2,3,1,1,1,1,2,2,4,3,3,2,2,3,3,1,1,1,1,1,1,1,1,1,1,1,3,2,3,3,2,3,3,2,3,3,1,1,1,1,1,1,1,1,1,2,4,4,4,4,3,3,1,1,1,1,1,2,3,2,3,4,3
283,1,2,3,2,2,3,2,4,2,4,1,4,4,4,2,4,4,3,3,2,3,1,2,1,3,3,1,2,2,1,2,4,2,2,2,3,2,2,2,2,1,4,3,3,1,3,4,3,4,3,4,1,2,3,4,4,4,3,4,1,2,3,3,2,3,4
284,1,2,3,4,3,2,2,2,3,2,3,3,3,2,2,2,3,2,2,3,3,2,2,4,3,3,3,2,1,2,3,2,2,2,3,2,3,4,3,4,2,2,3,4,1,2,3,2,1,3,3,3,2,1,4,3,4,2,2,2,3,2,2,3,3,3
285,1,2,3,2,2,4,4,3,2,1,2,4,3,3,2,2,2,2,3,1,3,3,3,2,4,1,2,1,2,2,3,3,2,3,3,3,2,3,2,1,2,4,2,2,4,3,2,3,1,2,3,2,1,3,2,2,3,2,1,1,2,2,1,1,1,2
286,1,3,3,3,3,3,3,3,2,1,2,3,3,2,1,1,3,2,4,1,3,2,2,2,4,3,4,3,2,3,2,3,1,4,4,2,2,3,2,2,1,3,3,3,2,3,2,3,1,3,3,2,2,2,3,3,4,2,2,2,2,3,2,2,2,3
287,1,2,3,2,2,3,1,1,2,1,2,4,4,3,2,2,3,3,4,2,3,1,3,2,4,3,3,2,2,2,4,4,2,2,2,3,2,3,3,2,3,3,4,3,3,2,1,2,2,2,4,2,2,3,4,3,4,4,2,2,2,4,2,4,3,3
288,1,2,2,4,3,4,2,3,2,2,3,4,4,4,4,4,3,4,4,2,3,1,3,4,4,2,4,4,2,2,3,4,4,3,3,4,3,3,3,1,2,4,4,4,2,4,3,2,2,3,4,4,4,3,4,3,3,4,2,2,2,2,2,3,1,4
289,1,4,3,4,3,4,4,2,4,1,2,4,4,4,4,4,4,3,4,2,4,3,4,3,4,4,4,4,3,4,3,4,4,2,4,4,4,3,4,2,3,4,4,4,4,1,1,4,1,3,4,4,4,4,3,3,4,4,1,4,2,4,1,4,2,2
290,1,4,3,2,4,4,4,2,3,1,1,4,4,3,4,4,4,4,4,1,2,2,4,4,4,4,4,4,4,4,4,4,4,4,4,4,4,4,4,3,2,4,4,4,4,4,1,4,2,4,4,4,4,4,4,4,4,4,2,4,4,4,2,2,4,4
291,1,2,3,1,2,3,1,2,1,1,3,4,4,3,2,1,2,1,2,1,3,2,1,1,4,2,2,4,3,3,2,2,1,1,1,2,2,2,2,4,2,2,2,4,1,3,1,2,2,1,2,1,1,2,4,2,2,3,2,1,2,3,1,2,1,2
292,1,2,1,4,4,3,1,1,4,4,1,4,4,4,3,3,4,2,4,4,4,1,4,4,4,4,4,4,4,3,4,3,2,2,1,3,4,2,2,3,4,4,3,3,4,4,4,1,4,4,4,4,3,4,2,2,2,4,1,4,1,2,2,1,1,1
293,1,2,1,4,2,4,1,1,3,2,1,3,3,3,2,2,4,4,2,2,4,1,2,4,4,4,3,2,1,1,3,4,3,1,1,4,3,4,3,1,2,4,3,4,2,4,1,2,1,3,3,3,1,2,4,2,3,1,2,3,1,2,1,3,2,4
294,1,1,1,3,1,3,1,2,1,2,1,4,3,3,3,1,2,2,2,1,3,1,2,1,3,3,4,2,1,1,2,2,2,1,2,3,2,2,2,3,1,1,2,2,4,2,1,1,1,1,1,2,1,1,1,1,1,1,2,1,1,1,1,1,1,2
295,1,2,2,3,1,3,4,4,1,2,4,3,2,4,1,2,2,2,2,2,3,4,3,2,3,2,2,2,2,2,1,1,1,2,1,4,2,1,3,1,2,1,3,2,4,4,2,3,2,2,3,4,1,2,3,2,1,3,1,3,2,2,1,1,2,3
296,1,2,3,4,3,4,3,4,2,4,2,3,3,3,3,2,3,4,3,3,3,2,2,2,4,3,3,2,3,2,3,3,2,3,3,3,3,3,2,4,2,2,3,4,2,4,4,3,2,2,3,3,2,3,3,2,3,3,4,4,2,3,2,3,2,3
297,1,2,2,3,2,4,2,3,2,2,3,3,4,3,2,2,2,3,3,2,3,2,1,1,3,4,2,2,2,3,4,2,2,3,2,3,2,2,2,4,2,3,3,4,4,4,4,3,2,2,3,3,3,2,4,3,3,3,2,2,2,3,2,4,2,4
298,1,2,1,2,2,2,2,3,2,1,1,4,1,2,2,2,3,3,2,1,1,1,1,1,4,2,4,1,2,1,3,1,2,1,1,3,2,2,3,1,3,1,3,3,4,3,2,1,2,3,1,4,1,3,1,2,1,1,1,1,1,1,1,2,1,1
299,1,2,2,3,3,2,3,4,2,1,2,2,3,2,2,2,3,4,3,1,3,2,2,2,4,2,2,4,2,1,2,3,2,2,3,2,2,2,2,3,1,2,3,4,3,3,1,2,1,2,3,2,1,1,2,2,2,3,1,3,3,2,2,3,2,2
300,1,2,1,3,3,4,2,2,1,1,2,3,4,4,2,2,3,3,2,1,4,2,1,1,4,3,1,2,1,2,1,4,1,2,1,1,3,3,1,1,1,4,3,3,2,3,3,4,1,2,4,1,1,1,3,2,2,3,4,3,3,3,1,2,2,4
301,1,2,1,3,4,4,2,1,2,2,2,4,2,2,1,1,2,3,2,1,3,1,3,2,4,4,2,2,1,2,2,2,1,1,3,3,4,3,1,2,1,4,3,3,3,4,1,3,4,2,3,2,3,2,3,3,3,1,4,1,2,1,1,3,2,2
302,1,2,2,3,3,3,1,1,1,1,1,4,3,4,3,2,2,3,2,1,2,2,1,1,3,2,3,2,1,3,3,2,2,3,3,3,2,2,1,4,1,1,2,3,3,4,3,3,2,2,3,1,1,1,3,3,3,4,1,1,1,1,1,3,2,2
303,1,2,2,4,2,4,2,3,1,2,2,4,4,4,3,1,4,4,2,2,2,1,1,1,4,4,4,1,2,1,3,4,4,2,2,3,3,2,2,1,2,3,3,4,4,4,4,4,2,2,4,4,2,2,3,2,3,3,2,4,1,1,2,2,2,3
304,1,2,1,3,2,4,1,1,2,1,1,3,4,4,1,2,4,2,3,3,2,1,1,1,4,4,4,1,1,1,3,4,2,1,1,2,2,3,1,4,1,3,3,3,2,4,1,1,2,1,2,3,1,1,4,2,2,1,2,1,2,2,2,3,1,3
305,1,1,1,3,2,4,1,1,1,3,1,4,4,4,3,4,4,2,2,1,4,1,1,3,4,4,4,1,2,1,3,4,3,1,2,4,3,4,2,3,2,4,2,2,4,3,1,2,1,1,4,2,3,3,3,1,2,4,2,4,1,2,1,2,1,4
306,1,1,1,3,4,2,2,2,1,1,2,3,2,4,2,3,2,2,3,1,3,1,3,2,3,4,2,2,1,1,1,4,2,1,3,2,2,1,3,2,2,4,2,3,2,4,4,2,1,2,1,3,1,3,2,2,2,2,1,1,2,1,1,3,2,2
307,1,2,1,4,2,3,2,4,2,2,3,3,3,3,1,2,3,3,3,2,3,2,1,2,4,3,4,2,1,2,2,4,2,1,2,3,2,3,3,2,2,2,3,3,4,3,2,2,1,2,2,2,2,1,2,1,2,2,1,1,2,1,1,2,1,3
308,1,3,2,4,2,2,2,1,1,1,2,3,2,2,2,2,2,2,1,2,2,2,1,1,4,2,3,2,2,1,1,1,2,2,1,2,2,2,1,3,1,2,3,3,4,3,1,2,1,2,2,3,2,2,2,2,2,2,1,1,2,1,2,3,2,2
309,1,2,2,3,3,4,4,1,3,1,3,4,4,4,4,4,4,4,4,1,3,2,3,3,4,3,3,2,1,3,2,4,4,3,4,3,3,3,1,4,1,2,3,4,1,2,2,4,2,2,2,2,1,2,3,3,2,1,1,2,1,2,2,2,1,2
310,1,2,1,3,3,2,1,2,1,1,1,4,4,3,2,1,2,2,2,1,2,1,2,1,4,4,3,1,1,1,4,3,2,1,1,2,3,1,1,2,1,2,2,2,2,2,2,1,2,3,2,2,1,2,2,3,1,1,4,3,1,1,1,2,1,1
311,1,1,2,2,2,4,1,3,1,2,1,4,4,4,4,2,3,2,2,2,2,2,3,2,4,2,3,2,2,2,2,4,2,4,4,2,3,2,2,2,2,4,2,4,2,2,4,2,3,2,2,2,3,2,2,2,4,2,2,2,2,2,1,4,2,2
312,1,3,1,3,3,3,2,4,1,1,2,3,3,3,2,2,3,3,2,1,2,1,2,2,4,4,3,3,3,2,4,3,3,3,3,3,3,3,2,2,3,4,3,3,4,4,1,2,3,2,2,4,1,2,2,3,2,2,1,2,1,1,2,2,1,2
313,1,3,2,3,1,2,4,4,1,2,2,3,3,3,2,1,2,3,3,4,2,3,2,1,2,2,3,1,2,3,2,2,2,3,4,3,2,2,1,4,2,2,2,4,1,4,4,4,3,2,4,2,3,2,3,4,2,3,2,3,3,3,4,2,3,2
314,1,2,2,2,1,2,3,4,2,2,3,3,3,2,2,2,2,2,2,1,2,3,1,1,2,3,2,2,1,3,1,3,1,3,2,2,2,2,2,2,2,2,3,3,2,2,2,3,2,2,3,2,2,1,2,2,3,2,2,3,3,3,1,2,1,2
315,1,2,1,3,2,4,3,3,3,4,2,4,4,3,3,3,4,3,2,4,3,2,2,3,4,4,4,1,1,2,3,4,2,1,2,3,3,3,2,4,4,4,2,4,2,4,4,2,4,2,3,3,4,3,2,3,3,3,4,4,2,2,3,2,1,3
316,1,2,1,4,2,4,3,2,4,4,1,4,3,3,3,2,4,3,2,4,4,1,3,4,4,3,4,2,2,2,4,2,3,1,2,4,4,4,4,4,2,4,4,4,2,4,4,2,2,1,2,4,4,2,2,3,2,1,4,2,2,1,2,4,1,2
317,1,3,2,3,2,4,1,1,1,2,2,4,4,4,2,1,3,3,3,2,3,1,1,2,4,4,4,4,2,2,3,4,2,1,1,2,2,3,2,4,2,3,2,3,4,4,4,2,4,2,2,2,2,3,4,2,2,1,2,3,1,1,2,2,1,4
318,1,2,1,3,3,4,1,2,3,1,1,3,4,3,3,1,3,1,2,3,3,2,2,2,4,4,4,1,2,1,3,4,2,1,2,3,4,3,3,2,4,4,1,3,3,4,2,3,1,3,3,2,3,2,3,2,3,2,1,2,2,2,2,2,1,3
319,1,4,3,3,3,4,1,1,3,2,2,3,3,2,2,2,3,2,3,2,4,1,3,3,4,3,3,2,3,4,4,3,2,2,1,3,3,3,3,3,1,3,3,3,4,2,1,2,2,3,2,4,2,3,4,3,2,3,3,2,3,2,2,3,2,4
320,1,1,2,1,1,3,1,3,1,1,2,3,2,2,2,2,1,2,1,1,2,3,2,1,4,2,2,2,1,2,2,3,1,2,2,2,2,1,1,1,1,3,3,1,1,2,1,2,1,2,2,3,1,2,3,1,2,3,1,1,3,2,1,2,2,3
321,1,2,1,4,2,4,2,1,1,1,2,4,4,3,2,1,4,2,3,3,3,1,2,2,4,4,3,3,2,2,4,4,2,1,3,3,3,3,1,3,2,4,2,3,4,4,3,2,1,2,3,3,3,2,4,2,2,1,1,2,1,1,1,2,2,3
322,1,2,2,2,1,3,1,3,1,1,2,3,3,1,2,1,2,2,2,1,2,3,2,1,4,3,2,1,2,2,1,3,1,1,1,2,2,2,1,2,1,2,1,2,3,2,1,2,1,2,3,2,1,1,2,2,3,2,3,2,3,3,1,2,2,1
323,1,2,2,2,1,3,3,3,1,1,1,4,3,3,3,2,3,3,2,3,2,2,2,1,4,3,3,2,2,1,2,4,3,2,3,3,3,2,2,2,1,3,2,3,2,3,2,2,1,2,2,3,2,1,3,2,2,1,1,1,2,2,1,1,1,3
324,1,2,2,3,1,2,2,2,2,1,2,3,3,2,2,2,2,2,2,1,2,2,2,2,3,3,3,3,3,3,2,3,2,2,1,2,2,2,2,3,1,2,2,2,2,2,1,2,1,2,2,4,2,2,3,3,2,2,4,4,2,2,3,2,2,2
325,1,2,1,2,2,3,1,2,3,1,1,4,4,4,3,4,3,1,1,3,4,1,4,2,4,4,4,4,3,2,4,4,4,2,1,4,4,3,3,1,4,4,4,3,1,4,2,3,1,2,4,4,4,4,4,1,3,3,2,1,1,2,1,1,1,4
326,1,2,2,3,3,3,1,1,3,1,1,4,4,4,4,2,3,2,2,2,4,1,3,2,2,3,4,1,1,1,3,4,3,2,1,4,4,3,2,2,1,3,1,2,4,2,1,1,1,1,1,4,1,2,3,3,1,1,1,4,1,2,1,2,2,4
327,1,2,1,3,2,4,1,1,3,1,1,3,4,4,3,2,2,2,1,1,4,1,2,2,4,3,3,1,2,1,2,4,3,2,1,3,4,3,2,2,1,4,1,2,2,2,3,1,1,1,2,2,1,1,3,1,1,1,1,1,1,1,1,1,1,3
328,1,2,2,3,2,3,1,3,2,3,3,4,4,3,3,2,2,4,3,2,3,1,2,1,3,3,3,1,2,2,2,3,3,2,4,3,1,1,3,2,2,3,2,4,3,3,3,3,1,2,4,4,3,2,2,3,3,2,1,2,4,2,2,2,2,3
329,1,4,2,2,4,2,3,2,4,2,2,4,3,3,4,4,4,4,3,3,2,2,3,4,4,4,4,4,4,3,4,3,4,4,3,4,4,4,4,3,4,2,4,4,4,4,4,4,2,4,4,1,2,4,4,2,4,4,3,1,2,3,2,4,2,2
330,1,2,1,3,1,3,2,3,2,3,3,3,3,2,3,2,3,1,2,1,2,1,1,1,2,1,3,1,1,2,1,3,2,2,3,2,1,2,3,2,1,2,2,3,3,4,1,2,1,1,2,4,1,2,2,3,3,1,2,1,2,1,1,1,1,2
331,1,4,3,3,3,3,4,4,1,1,1,3,3,3,1,3,4,4,4,2,3,4,2,3,1,3,3,4,1,4,3,4,4,4,4,2,4,4,2,1,1,4,3,4,2,1,3,4,1,1,4,4,2,2,3,3,4,4,3,2,2,4,2,4,1,4
332,1,2,3,3,2,3,3,4,2,2,4,3,3,3,1,2,2,3,3,2,2,2,3,2,4,3,2,3,2,2,3,3,2,2,3,1,3,3,3,2,3,3,2,4,4,4,1,3,3,2,3,4,2,3,1,3,3,2,4,3,2,2,3,2,2,3
333,1,2,1,2,2,3,3,3,2,1,2,4,3,3,2,2,3,2,3,2,2,2,2,2,4,3,3,2,2,2,3,3,2,2,3,3,2,2,2,3,2,3,2,3,2,3,2,3,3,2,3,2,3,2,2,3,3,2,1,3,2,3,2,2,3,3
334,1,2,1,4,2,2,1,3,4,1,1,3,2,3,3,4,2,1,1,2,3,1,4,4,4,4,4,2,4,1,4,4,1,1,2,1,2,3,3,2,2,2,3,1,1,4,1,2,1,4,4,1,4,3,3,3,1,1,2,4,4,1,1,1,1,2
335,1,2,1,4,2,3,2,3,2,1,1,4,3,4,2,2,4,1,2,1,3,1,2,1,2,2,2,1,1,2,2,3,2,1,1,3,1,2,2,2,4,3,3,4,4,4,1,1,1,1,2,4,1,4,4,2,2,2,1,1,1,2,1,3,1,4
336,1,2,1,2,2,3,3,3,1,2,2,4,4,4,3,2,3,2,3,2,3,2,3,3,3,3,3,3,3,2,3,4,2,3,2,3,3,2,2,2,2,3,2,3,3,3,3,2,2,2,3,4,2,3,3,2,2,2,2,2,3,2,3,2,3,3
337,1,2,1,3,2,4,3,1,3,1,1,4,4,4,3,2,3,4,2,3,3,1,2,2,4,3,3,2,1,3,2,4,2,1,2,3,3,3,2,4,2,3,3,4,4,4,2,2,1,1,2,4,1,2,2,1,1,2,1,1,1,2,1,3,1,3
338,1,2,2,3,3,3,2,2,2,2,3,4,4,4,2,1,3,4,4,1,3,2,2,2,4,4,4,2,4,2,3,3,2,3,3,4,3,3,3,2,1,3,3,4,4,2,1,3,1,2,2,4,3,2,4,4,2,2,3,1,2,2,1,2,3,2
339,1,2,1,4,2,3,2,2,3,1,2,2,2,2,3,2,3,1,2,1,2,1,1,2,4,3,4,4,1,1,3,3,3,1,2,2,3,2,3,1,3,2,1,1,4,1,1,1,3,2,2,4,4,4,4,2,2,1,4,1,1,1,1,1,1,4
340,1,3,1,3,3,3,3,4,2,4,3,3,3,2,2,2,3,3,2,2,2,1,1,1,4,3,3,1,1,1,2,3,2,1,2,2,3,3,2,4,1,3,4,4,4,3,3,3,1,1,2,4,2,2,2,2,3,1,3,3,3,2,2,4,2,2
341,1,1,1,4,3,4,2,3,1,1,1,3,3,2,3,3,2,2,2,2,3,1,2,3,4,3,3,4,4,2,4,4,3,2,1,3,4,3,4,2,1,3,3,1,4,2,1,1,1,3,2,4,1,4,3,2,2,1,1,2,1,1,1,1,1,2
342,1,4,4,2,2,3,2,2,1,1,2,4,3,4,2,2,3,3,3,2,2,3,3,2,2,2,2,2,2,3,1,2,1,3,4,3,2,2,2,1,1,2,2,4,2,2,1,4,1,2,4,2,2,1,2,2,2,2,1,2,2,3,2,3,3,2
343,1,4,4,4,4,4,2,2,2,1,2,4,4,4,2,2,2,4,3,3,4,2,2,2,4,4,4,4,4,3,4,4,2,2,4,4,3,4,3,2,2,4,4,4,3,3,1,4,1,3,4,3,2,3,3,4,4,3,1,1,2,4,3,2,2,4
344,1,4,2,2,2,4,4,2,1,1,3,3,4,3,3,2,4,2,4,4,3,3,3,1,4,4,3,2,1,2,2,3,3,3,4,4,4,2,3,4,3,4,3,4,2,4,1,4,4,2,2,4,2,2,2,3,3,2,3,3,3,3,3,3,2,4
345,1,2,1,1,1,3,1,1,3,1,1,3,3,3,3,2,3,1,1,1,3,1,1,2,4,3,3,2,3,1,2,3,3,2,2,3,3,3,2,1,1,3,1,1,4,1,1,1,1,1,1,3,1,1,3,1,1,1,1,1,1,1,1,1,1,3
346,1,2,1,2,3,4,1,2,1,2,1,4,4,3,2,2,3,2,2,2,2,1,1,1,4,2,4,1,2,2,3,4,3,1,1,3,4,3,2,3,2,4,2,2,4,3,2,1,1,1,2,3,2,2,3,2,2,1,3,1,1,1,1,2,1,4
347,1,3,2,4,3,3,3,3,3,2,2,4,4,3,2,2,4,4,2,2,3,2,4,4,4,3,3,3,4,4,2,4,2,4,4,3,2,2,3,2,4,4,4,2,2,2,4,4,2,1,4,4,4,3,3,4,4,3,4,2,4,4,2,4,4,3
348,1,2,1,2,2,3,2,4,2,3,2,2,4,2,2,3,3,2,2,1,3,1,3,2,3,3,3,3,2,1,2,3,2,4,1,3,3,3,3,1,2,3,2,3,4,2,1,1,1,2,2,4,2,4,3,2,2,1,2,1,2,2,1,2,3,3
349,1,3,1,4,1,3,2,3,2,1,2,3,3,4,2,2,3,4,3,3,3,2,2,2,4,4,3,2,3,2,3,2,2,1,2,2,3,2,2,4,1,2,3,3,3,4,3,3,3,2,2,3,2,2,3,3,2,1,1,1,2,1,2,2,2,2
350,1,3,2,1,1,2,1,2,2,1,2,3,3,3,3,3,2,2,3,1,2,2,2,1,3,2,3,1,1,3,2,1,2,1,2,2,2,3,2,1,2,3,3,3,1,1,1,2,4,2,4,3,1,1,3,3,3,4,1,4,4,3,3,2,3,2
351,1,2,2,3,2,3,2,1,2,1,1,3,3,3,2,2,3,3,3,3,3,2,2,1,3,3,4,1,1,2,2,3,2,3,3,3,2,3,1,2,1,3,3,3,1,4,3,3,4,2,3,2,2,2,3,2,3,3,2,3,2,3,2,2,2,3
